State,Category,VehicleType,Count
"","Services","ACT Fire and Rescue","61"
"","Services","ACT Rural Fire Service","67"
"","Services","ACT Ambulance Service","27"
"","Services","State Emergency Service (ACT)","26"
"","Services","Fire and Rescue NSW","1129"
"","Services","Rural Fire Service","482"
"","Services","Ambulance Service of NSW","22"
"","Services","VRA Rescue NSW","76"
"","Services","State Emergency Service (NSW)","81"
"","Services","Northern Territory Fire and Rescue Service","61"
"","Services","Northern Territory Emergency Service","1"
"","Services","St John Ambulance","2"
"","Services","Queensland Fire and Rescue","637"
"","Services","Rural Fire Service Queensland","867"
"","Services","Queensland Ambulance Service","20"
"","Services","State Emergency Service (QLD)","22"
"","Services","Metropolitan Fire Service","166"
"","Services","Country Fire Service","433"
"","Services","SA Ambulance Service","17"
"","Services","State Emergency Service (SA)","15"
"","Services","Tasmania Fire Service","291"
"","Services","Ambulance Tasmania","31"
"","Services","State Emergency Service (TAS)","72"
"","Services","Fire Rescue Victoria","323"
"","Services","Country Fire Authority","4064"
"","Services","Ambulance Victoria","219"
"","Services","State Emergency Service (VIC)","882"
"","Services","Forest Fire Management Victoria","1572"
"","Services","Department of Fire and Emergency Services","116"
"","Services","Fire Fighting Aircraft","543"
"","Services","Chicago Fire Department","3"
"","Services","Fire Department of New York (FDNY)","1"
"ACT","ACTFRS Vehicle Type","Heavy Pumper","21"
"ACT","ACTFRS Vehicle Type","Heavy Rescue Pumper","4"
"ACT","ACTFRS Vehicle Type","Aerial","4"
"ACT","ACTFRS Vehicle Type","CAFS Tanker","4"
"ACT","ACTFRS Vehicle Type","Tanker","5"
"ACT","ACTFRS Vehicle Type","Breathing Apparatus Support","3"
"ACT","ACTFRS Vehicle Type","HazMat Response","1"
"ACT","ACTFRS Vehicle Type","Pod Truck","2"
"ACT","ACTFRS Vehicle Type","Logistics","2"
"ACT","ACTFRS Vehicle Type","Support","3"
"ACT","ACTFRS Vehicle Type","Commander","6"
"ACT","ACTFRS Vehicle Type","Workshops","5"
"ACT","ACTFRS Vehicle Type","Community Fire Unit","1"
"NSW","FRNSW Vehicle Type","Tanker Class 1","205"
"NSW","FRNSW Vehicle Type","Pumper Class 2","314"
"NSW","FRNSW Vehicle Type","Pumper Class 3","350"
"NSW","FRNSW Vehicle Type","Aerial Pumper","25"
"NSW","FRNSW Vehicle Type","Turntable Ladder","6"
"NSW","FRNSW Vehicle Type","Aerial Ladder Platform","26"
"NSW","FRNSW Vehicle Type","Heavy HazMat","12"
"NSW","FRNSW Vehicle Type","HazMat Van","27"
"NSW","FRNSW Vehicle Type","HazMat Support","15"
"NSW","FRNSW Vehicle Type","CO2","2"
"NSW","FRNSW Vehicle Type","BA and HazMat","3"
"NSW","FRNSW Vehicle Type","Rehabilitation","13"
"NSW","FRNSW Vehicle Type","Heavy Rescue","19"
"NSW","FRNSW Vehicle Type","Rescue Van","1"
"NSW","FRNSW Vehicle Type","Salvage","3"
"NSW","FRNSW Vehicle Type","Urban Search And Rescue","2"
"NSW","FRNSW Vehicle Type","Pod Truck","2"
"NSW","FRNSW Vehicle Type","Rapid Intervention Vehicle","10"
"NSW","FRNSW Vehicle Type","All Terrain Vehicle","2"
"NSW","FRNSW Vehicle Type","Bulk Water Tanker","7"
"NSW","FRNSW Vehicle Type","Coach","1"
"NSW","FRNSW Vehicle Type","Logistics Support","7"
"NSW","FRNSW Vehicle Type","Scientific Support","3"
"NSW","FRNSW Vehicle Type","Incident Command Vehicle","51"
"NSW","FRNSW Vehicle Type","Support","21"
"NSW","FRNSW Vehicle Type","Prime Mover","2"
"NSW","RFS Vehicle Type","Category 1 Heavy Tanker","176"
"NSW","RFS Vehicle Type","Category 2 Medium Tanker","13"
"NSW","RFS Vehicle Type","Category 3 Heavy Tanker","3"
"NSW","RFS Vehicle Type","Category 4 Medium Tanker","1"
"NSW","RFS Vehicle Type","Category 6 Heavy Bushfire Tanker","31"
"NSW","RFS Vehicle Type","Category 7 Light Tanker","80"
"NSW","RFS Vehicle Type","Category 8 Light Tanker","2"
"NSW","RFS Vehicle Type","Category 9 Striker","36"
"NSW","RFS Vehicle Type","Category 10 Urban Pumper","31"
"NSW","RFS Vehicle Type","Category 11 Urban Pumper","37"
"NSW","RFS Vehicle Type","Category 12 Transport","14"
"NSW","RFS Vehicle Type","Category 13 Bulk Water Carrier","22"
"NSW","RFS Vehicle Type","Category 16 Command Vehicles","15"
"NSW","RFS Vehicle Type","Category 17 General Cargo Vehicles","4"
"NSW","RFS Vehicle Type","Category 18 Catering Vehicles","3"
"NSW","RFS Vehicle Type","Category 19 Communication Vehicles","3"
"NSW","RFS Vehicle Type","Category 20 Other Appliances/Vehicles","11"
"QLD","QFR Vehicle Type","Pumper Type 1","11"
"QLD","QFR Vehicle Type","Pumper Type 2","133"
"QLD","QFR Vehicle Type","Pumper Type 3","179"
"QLD","QFR Vehicle Type","Pumper Type 4","41"
"QLD","QFR Vehicle Type","Pumper Type 4T","8"
"QLD","QFR Vehicle Type","Combination Aerial Pumper Appliance","7"
"QLD","QFR Vehicle Type","Turntable Ladder","1"
"QLD","QFR Vehicle Type","Ladder Platform","14"
"QLD","QFR Vehicle Type","Telescopic Aerial Pumper","8"
"QLD","QFR Vehicle Type","Emergency Tender","17"
"QLD","QFR Vehicle Type","Technical Rescue","20"
"QLD","QFR Vehicle Type","Command & Rescue","3"
"QLD","QFR Vehicle Type","BA & HazMat Response","5"
"QLD","QFR Vehicle Type","Rescue Support","2"
"QLD","QFR Vehicle Type","BA Support","5"
"QLD","QFR Vehicle Type","Hazmat Support","5"
"QLD","QFR Vehicle Type","BA & HazMat Support","13"
"QLD","QFR Vehicle Type","Command & Control","7"
"QLD","QFR Vehicle Type","Communications","1"
"QLD","QFR Vehicle Type","Tanker","55"
"QLD","QFR Vehicle Type","Foam","2"
"QLD","QFR Vehicle Type","Facilities","3"
"QLD","QFR Vehicle Type","Urban Light Attack","76"
"QLD","QFR Vehicle Type","Operational Support Unit","21"
"SA","MFS Vehicle Type","Heavy Duty Pumper","103"
"SA","MFS Vehicle Type","Medium Pumper","10"
"SA","MFS Vehicle Type","HazMat/Breathing Apparatus","1"
"SA","MFS Vehicle Type","Rescue","2"
"SA","MFS Vehicle Type","Grassfire Unit","16"
"SA","MFS Vehicle Type","Bulk Water Tanker","5"
"SA","MFS Vehicle Type","Ladder","5"
"SA","MFS Vehicle Type","Skyjet","2"
"SA","MFS Vehicle Type","Combined Aerial Pumping Appliance","7"
"SA","MFS Vehicle Type","Command","5"
"SA","MFS Vehicle Type","Mobile Incident Communications","2"
"SA","MFS Vehicle Type","Hook Truck","7"
"SA","MFS Vehicle Type","Support","1"
"SA","CFS Vehicle Type","Quick Response Vehicle","35"
"SA","CFS Vehicle Type","14","29"
"SA","CFS Vehicle Type","22","1"
"SA","CFS Vehicle Type","24","10"
"SA","CFS Vehicle Type","24P","20"
"SA","CFS Vehicle Type","24URP","6"
"SA","CFS Vehicle Type","34","104"
"SA","CFS Vehicle Type","34P","63"
"SA","CFS Vehicle Type","34URP","3"
"SA","CFS Vehicle Type","44","33"
"SA","CFS Vehicle Type","Bulk Water Carrier","38"
"SA","CFS Vehicle Type","Pumper","19"
"SA","CFS Vehicle Type","HazMat","10"
"SA","CFS Vehicle Type","Rescue","9"
"SA","CFS Vehicle Type","Mobile Incident Communications","2"
"SA","CFS Vehicle Type","Logistics","24"
"SA","CFS Vehicle Type","Support","27"
"TAS","TFS Vehicle Type","Heavy Pumper","22"
"TAS","TFS Vehicle Type","Medium Pumper","11"
"TAS","TFS Vehicle Type","Heavy Tanker","57"
"TAS","TFS Vehicle Type","Heavy Tanker/Pumper","14"
"TAS","TFS Vehicle Type","Heavy Tanker/Pumper/Rescue","1"
"TAS","TFS Vehicle Type","Medium Tanker","65"
"TAS","TFS Vehicle Type","Light Tanker","66"
"TAS","TFS Vehicle Type","Hydraulic Platform","6"
"TAS","TFS Vehicle Type","Support","36"
"TAS","TFS Vehicle Type","Rescue","4"
"TAS","TFS Vehicle Type","CAFS Tanker","3"
"TAS","TFS Vehicle Type","HazMat","3"
"TAS","TFS Vehicle Type","Command Support","3"
"VIC","FRV Vehicle Type","Ladder Platform","17"
"VIC","FRV Vehicle Type","Teleboom","7"
"VIC","FRV Vehicle Type","Aerial Pumper","4"
"VIC","FRV Vehicle Type","Pumper Platform","3"
"VIC","FRV Vehicle Type","Breathing Apparatus","6"
"VIC","FRV Vehicle Type","Breathing Apparatus Support","9"
"VIC","FRV Vehicle Type","Mk4 Pumper","12"
"VIC","FRV Vehicle Type","Mk5 Pumper","56"
"VIC","FRV Vehicle Type","Type 4 Pumper","3"
"VIC","FRV Vehicle Type","Heavy Pumper","60"
"VIC","FRV Vehicle Type","Series 1 Pumper","12"
"VIC","FRV Vehicle Type","Ultra Large Pumper","7"
"VIC","FRV Vehicle Type","Mk4 Pumper Tanker","12"
"VIC","FRV Vehicle Type","Mk5 Pumper Tanker","28"
"VIC","FRV Vehicle Type","Water Tanker","10"
"VIC","FRV Vehicle Type","Rescue","28"
"VIC","FRV Vehicle Type","HazMat","5"
"VIC","FRV Vehicle Type","Transporter","13"
"VIC","FRV Vehicle Type","Rehab","3"
"VIC","FRV Vehicle Type","Control Unit","3"
"VIC","FRV Vehicle Type","District Car","24"
"VIC","FRV Vehicle Type","Community Education","1"
"VIC","CFA Vehicle Type","Ladder Platform","3"
"VIC","CFA Vehicle Type","Teleboom","3"
"VIC","CFA Vehicle Type","Heavy Pumper","6"
"VIC","CFA Vehicle Type","Medium Pumper","50"
"VIC","CFA Vehicle Type","Light Pumper","86"
"VIC","CFA Vehicle Type","Type 2 Pumper","11"
"VIC","CFA Vehicle Type","Type 3 Pumper","33"
"VIC","CFA Vehicle Type","Type 3 Light Pumper","19"
"VIC","CFA Vehicle Type","Type 3 Small Pumper","14"
"VIC","CFA Vehicle Type","Type 3 Medium Pumper","64"
"VIC","CFA Vehicle Type","Type 3 Heavy Pumper","13"
"VIC","CFA Vehicle Type","Type 4 Pumper","29"
"VIC","CFA Vehicle Type","Alpine Pumper","6"
"VIC","CFA Vehicle Type","2.2D Pumper Tanker","25"
"VIC","CFA Vehicle Type","2.4D Pumper Tanker","5"
"VIC","CFA Vehicle Type","Medium Pumper Tanker","20"
"VIC","CFA Vehicle Type","Light Tanker","78"
"VIC","CFA Vehicle Type","Medium Tanker","357"
"VIC","CFA Vehicle Type","Heavy Tanker","174"
"VIC","CFA Vehicle Type","Ultra Heavy Tanker","32"
"VIC","CFA Vehicle Type","2.4C Medium Tanker","87"
"VIC","CFA Vehicle Type","3.4C Heavy Tanker","188"
"VIC","CFA Vehicle Type","4.4 Heavy Tanker","4"
"VIC","CFA Vehicle Type","4.4R Heavy Tanker","11"
"VIC","CFA Vehicle Type","Ultra Light Tanker","327"
"VIC","CFA Vehicle Type","1.2.4D Tanker","83"
"VIC","CFA Vehicle Type","1.5D Tanker","60"
"VIC","CFA Vehicle Type","2.5.2D Tanker","61"
"VIC","CFA Vehicle Type","2.2D Tanker","41"
"VIC","CFA Vehicle Type","2.4D Tanker","322"
"VIC","CFA Vehicle Type","3.2D Tanker","157"
"VIC","CFA Vehicle Type","3.4D Tanker","295"
"VIC","CFA Vehicle Type","3.4L Tanker","4"
"VIC","CFA Vehicle Type","Bulk Water Tanker","5"
"VIC","CFA Vehicle Type","Rescue","41"
"VIC","CFA Vehicle Type","Slip-On","127"
"VIC","CFA Vehicle Type","Salvage","22"
"VIC","CFA Vehicle Type","HazMat","12"
"VIC","CFA Vehicle Type","Gas Support","9"
"VIC","CFA Vehicle Type","Rehab","23"
"VIC","CFA Vehicle Type","Big Fill","52"
"VIC","CFA Vehicle Type","Hose Layer","2"
"VIC","CFA Vehicle Type","Breathing Apparatus Support","28"
"VIC","CFA Vehicle Type","Lighting","5"
"VIC","CFA Vehicle Type","Pod Truck","2"
"VIC","CFA Vehicle Type","Mobile Command Vehicle","9"
"VIC","CFA Vehicle Type","Field Command Vehicle","647"
"VIC","CFA Vehicle Type","Field Operations Vehicle","21"
"VIC","CFA Vehicle Type","Support","122"
"VIC","CFA Vehicle Type","Car","77"
"VIC","CFA Vehicle Type","Bus","13"
"VIC","CFA Vehicle Type","Community Education","12"
"VIC","CFA Vehicle Type","District Mechanical Officer","39"
"VIC","CFA Vehicle Type","Snow Mobile","14"
"VIC","CFA Vehicle Type","Trailer","114"
"VIC","AV Vehicle Type","Paramedic Ambulance","110"
"VIC","AV Vehicle Type","MICA Ambulance","7"
"VIC","AV Vehicle Type","Paramedic Single Response Unit","30"
"VIC","AV Vehicle Type","MICA Single Response Unit","13"
"VIC","AV Vehicle Type","Clinic Transport Services","19"
"VIC","AV Vehicle Type","Community Education","7"
"VIC","AV Vehicle Type","Emergency Support","20"
"VIC","AV Vehicle Type","Protective Equipment","1"
"VIC","AV Vehicle Type","Command & Communications","2"
"VIC","AV Vehicle Type","Helicopter Emergency Medical Service","10"
"","SES (VIC) Vehicle Type","Rescue","283"
"","SES (VIC) Vehicle Type","Support","450"
"","SES (VIC) Vehicle Type","Transport","85"
"","SES (VIC) Vehicle Type","Forward Command Vehicle","1"
"","SES (VIC) Vehicle Type","Mobile Command Vehicle","5"
"","SES (VIC) Vehicle Type","Communications","7"
"","SES (VIC) Vehicle Type","Trailer","51"
"","Manufacturer","Australian Fire Company","157"
"","Manufacturer","Mills-Tui","278"
"","Manufacturer","SEM Fire & Rescue (formerly Skilled)","1374"
"","Manufacturer","Skilled Equipment Manufacturing","2"
"","Manufacturer","Varley Group","515"
"","Manufacturer","Emergency Transport Technology","3"
"","Manufacturer","WA Fire Appliances","6"
"","Manufacturer","South West Fire","15"
"","Manufacturer","Technifire","13"
"","Manufacturer","Frontline Fire and Rescue","30"
"","Manufacturer","Bell Environmental","939"
"","Manufacturer","Mader International","122"
"","Manufacturer","Fraser Fire and Rescue","259"
"","Manufacturer","Moore Engineering","95"
"","Manufacturer","Quik Corp Fire Engineering","1088"
"","Manufacturer","OKA Australia","5"
"TAS","Manufacturer","TFS Engineering Services","208"
"","Manufacturer","Kuipers Engineering","381"
"","Manufacturer","Capital Body Works","1"
"","Manufacturer","Alexander Perrie & Co","224"
"","Manufacturer","Unknown","3211"
"","Manufacturer","Liquip International","74"
"VIC","Manufacturer","MFB Workshops","3"
"","Manufacturer","Other","1832"
"","Manufacturer","MacDonald Johnson Engineering","74"
"VIC","Manufacturer","CFA Vehicle Manufacturing Plant","542"
"","Manufacturer","Brimarco","12"
"","Manufacturer","Rosenbauer","33"
"","Manufacturer","Aldom Transport Engineering","1"
"","Manufacturer","MFI Service Bodies","316"
"","Manufacturer","Lowes Industries","10"
"","Manufacturer","Rambler","28"
"","Manufacturer","Fleet Trades","149"
"","Manufacturer","Hidrive","43"
"","Manufacturer","RXI Group","12"
"","Manufacturer","Multidrive Technology","25"
"","Manufacturer","Allquip","3"
"","Manufacturer","Mine Corp","26"
"","Manufacturer","Pierce Manufacturing","3"
"","Manufacturer","KME Fire Apparatus","1"
"","Manufacturer","Paull and Warner","3"
"","Manufacturer","International Harvester","1"