Unit ID,Tag
2000001,Sydney Comms
2000002,Sydney Comms
2000003,Sydney Comms
2000004,Sydney Comms
2000005,Sydney Comms
2000006,Sydney Comms
2000007,Sydney Comms
2000008,Sydney Comms
2000009,Sydney Comms
2000010,Sydney Comms
2000011,Sydney Comms
2000012,Sydney Comms
2000013,Sydney Comms
2000014,Sydney Comms
2000101,Newcastle Comms
2000102,Newcastle Comms
2000103,Newcastle Comms
2000104,Newcastle Comms
2000105,Newcastle Comms
2000106,Newcastle Comms
2000107,Newcastle Comms
2000108,Newcastle Comms
2000109,Newcastle Comms
2000110,Newcastle Comms
2000111,Newcastle Comms
2000112,Newcastle Comms
2000116,Newcastle Comms
2000117,Newcastle Comms
2000692,Rescue Tanker 345 - Kempsey
2000750,Pumper 82 - Richmond
2000774,Pumper 432 - Raymond Terrace
2004999,Aerial Pumper 097 - Huntingwood
2005229,Pumper 052 - Campsie
2005262,Aerial Pumper 462 - Mayfield West
2005274,CAFS Pumper 251 - Cardiff
2005283,Tanker 255 - Charlestown
2005297,Pumper 362 Alpha - Lismore
2005298,Rescue Pumper 357 - Lambton
2005299,Rescue Pumper 357 - Lambton
2005301,Pumper 345 Alpha - West Kempsey
2005309,Pumper 376 - Merewether
2005324,Rescue Pumper 383 - Morisset
2005329,LSV 357 - Lambton
2005341,Pumper 447 - Swansea
2005344,Pumper 454 - Tarro
2005350,Pumper 454 - Tarro
2005370,Pumper 484 - Wallsend
2005373,Pumper 484 - Wallsend
2005374,Pumper 484 - Wallsend
2005383,Pumper 485 - Wangi Wangi
2005386,Pumper 306 - Grafton
2005619,DC - Central Coast
2005639,Pumper 292 - Doyalson
2005640,Pumper 292 - Doyalson
2005651,Aerial Pumper 340 - Umina
2005654,Aerial Pumper 340 - Umina
2005657,Rescue Pumper 358 - Laurieton
2005668,Aerial Pumper 351 - Bateau Bay
2005672,Pumper 353 - Kincumber
2005690,Pumper 459 - Terrigal
2005713,Pumper 505 - Wyong
2005728,DC - Newcastle 1
2005798,Tanker 402 - Salamander Bay
2005829,Pumper 220 - Bellbird
2005839,Rescue Pumper 237 - Branxton
2005842,Pumper 254 Alpha - Cessnock
2005843,Pumper 254 Alpha - Cessnock
2005856,Pumper 373 - East Maitland
2005860,Pumper 347 - Kingscliff
2005866,Pumper 349 - Kurri Kurri
2005887,Pumper 382 - Morpeth
2006059,Tanker 453 - Taree
2006162,Rescue Tanker 295 - Forster
2006238,Pumper 255 - Charlestown
2006241,Rescue Pumper 383 - Morisset
2006243,Pumper 454 - Tarro
2006244,Pumper 454 - Tarro
2006271,Pumper 213 - Bangalow
2006272,Pumper 450 - Saratoga
2006280,DC - Newcastle 1
2006296,Pumper 254 Alpha - Cessnock
2006301,Rescue Pumper 235 - Bowraville
2006314,Pumper 295 - Forster
2006316,Rescue Tanker 295 - Forster
2006343,Pumper 345 Alpha - West Kempsey
2006361,Pumper 347 - Kingscliff
2006398,Rescue Pumper 449 - South West Rocks
2006439,Pumper 502 - Wingham
2006495,DC - Newcastle 1
2006643,Pumper 264 - Coonabarabran
2006972,Pumper 340 - Umina
2006984,Pumper 208 - Aberdeen
2007027,Rescue Pumper 283 - Denman
2007040,Pumper 342 - Kandos
2007064,Rescue Pumper 392 - Muswellbrook
2007073,Pumper 393 - Merriwa
2007288,Aerial Pumper 244 - Brewarrina
2007301,Pumper 256 - Cobar
2007365,Rescue Pumper 367 - Lightning Ridge
2007406,Pumper 465 - Trangie
2007542,Pumper 440 - Shoalhaven
2007553,STP 063 - Blacktown
2007555,LP 260 - Lambton
2007559,Pumper 227 - Blayney
2007563,Pumper 053 - Neutral Bay
2007567,Pumper 011 - Woollahra
2007571,Rescue Pumper 217 - Batemans Bay
2007573,Pumper 460 - The Entrance
2007574,Pumper 226 - Blackheath
2007575,Rescue Pumper 283 - Denman
2007580,Rescue Pumper 020 - Hurstville
2007584,Tanker 464 - Toronto
2007589,Pumper 423 - Portland
2007595,LSV 097 - Huntingwood
2007603,Pumper 224 - Berry
2007608,Tanker 245 - Budgewoi
2007609,Pumper 448 Bravo - South Tamworth
2007619,Rescue Pumper 464 - Toronto
2007620,Pumper 505 - Wyong
2007622,Rescue Pumper 383 - Morisset
2007623,Pumper 008 - Liverpool
2007624,Pumper 010 - Redfern
2007629,Rescue Pumper 102 - Regentville
2007638,Firecomms Dispatch - Sydney
2007642,Pumper 363 - Lithgow
2007653,Rescue Pumper 471 - Tea Gardens
2007660,Tanker 082 - Richmond
2007668,Pumper 233 - Bourke
2007669,Aerial Pumper 351 - Bateau Bay
2007672,Tanker 461 - Thirroul
2007674,Rescue Pumper 063 - Blacktown
2007683,Pumper 483 - Wallerwang
2007685,Rescue Pumper 392 - Muswellbrook
2007693,CAFS Pumper 030 - Lidcombe
2007697,Tanker 346 - Kiama
2007709,Pumper 270 - Cowra
2007714,Pumper 353 - Kincumber
2007717,Rescue Pumper 237 - Branxton
2007722,Rescue Pumper 207 Alpha - Albion Park
2007723,Pumper 025 - Mosman
2007726,Rescue Pumper 357 - Lambton
2007733,Pumper 076 - Bondi
2007748,Pumper 468 Alpha - Tweed Head
2007757,Tanker 509 - Wyoming
2007759,Pumper 385 - Moss Vale
2007762,CAFS Pumper 277 - Dapto
2007770,HC 338 - Jindabyne
2007772,Rescue Pumper 511 - Yass
2007774,Pumper 004 - Darlinghurst
2007775,Pumper 252 - Carrington
2007777,LSV 361 - Leura
2007778,Rescue Pumper 503 - Wollongong
2007783,Rescue Pumper 412 - Orange
2007784,Hazmat Tanker 234 - Bowral
2007785,Pumper 216 Alpha - Bathurst
2007790,Pumper 422 - Warrawong
2007791,Hazmat Tanker 455 - Rutherford
2007801,LT 237 - Branxton
2007809,Pumper 485 - Wangi Wangi
2007815,Pumper 034 - Riverwood
2007817,HP 051 - Forestville
2007820,Pumper 043 - Seven Hills
2007826,T 444 Siera - Singleton
2007830,Pumper 450 - Saratoga
2007831,Pumper 454 - Tarro
2007832,Pumper 484 - Wallsend
2007838,Pumper 357 Charlie - Lambton
2007843,Tanker 454 - Tarro
2007844,Hazmat 488 Alpha - Shellharbour
2007856,Tanker 509 - Wyoming
2007862,Pumper 458 - Teralba
2007869,Rescue Pumper 75 - Berowra
2007871,Rescue Pumper 001 - City of Sydney
2007872,Rescue Pumper 402 - Salamander Bay
2007877,Rescue Tanker 343 Alpha - Katoomba
2007878,Pumper 286 - Eden
2007883,DC - Monaro 1
2007887,Rescue Pumper 395 - Merimbula
2007890,Hazmat 363 - Lithgow
2007896,CFU 4
2007908,Rescue Pumper 068 - Narrabeen
2007911,Aerial Pumper 047 - Revesby
2007916,HP 305 - Goulburn
2007935,DC - North
2007939,Pumper 498 - Holmesville
2007944,STT 81 - Windsor
2007945,Rescue Pumper 075 - Berowra
2007946,Rescue Pumper 445 Bravo - Rutherford
2007952,Pumper 361 - Leura
2007953,Rescue Pumper 015 - Burwood
2007954,Tanker 509 - Wyoming
2007956,CAFS Pumper 031 - Busby
2007958,Tanker 217 - Batemans Bay
2007960,Pumper 468 Alpha - Tweed Head
2007964,Pumper 399 - Narrabri
2007968,Tanker 359 - Lawson
2007970,CAFS Pumper 511 - Yass
2007973,Tanker 251 - Cardiff
2007975,Pumper 284 - Delroy
2007976,Flyer 1 - Sydney City
2007986,Pumper 448 Bravo - South Tamworth
2007987,Aerial Pumper 340 - Umina
2007995,SCV 013 - Alexandria
2008004,Aerial Pumper 097 - Huntingwood
2008007,T 397 Siera - Nambucca Heads
2008010,Pumper 035 - Botany
2008013,Pumper 393 - Merriwa
2008014,DC - Blue Mountains 1
2008016,Tanker 383 - Morisset
2008019,Aerial Pumper 086 - Penrith
2008022,Pumper 280 Bravo - Dubbo
2008026,Runner 1 - City of Sydney
2008029,Pumper 270 - Cowra
2008041,Pumper 429 - Quirindi
2008047,Rescue Pumper 59 - Eastwood
2008049,Tanker 343 - Katoomba
2008050,BFO North
2008054,Pumper 052 - Campsie
2008057,Rescue Pumper 383 - Morisset
2008066,Pumper 448 Alpha - South Tamworth
2008067,Hazmat 488 Bravo - Shellharbour
2008071,Pumper 024 - Manly
2008074,Hazmat 217 - Batemans Bay
2008075,Pumper 012 - Balmain
2008078,Pumper 391 - Murwillumbah
2008084,Tanker 464 - Toronto
2008089,Pumper 257 Bravo - Coffs Harbour
2008092,Hazmat 260 - Newcastle
2008110,Pumper 432 - Raymond Terrace
2008117,Pumper 269 - Corrimal
2008121,Pumper 066 - Rhodes
2008126,Pumper 042 - Ryde
2008127,Pumper 496 - Werris Creek
2008129,Tanker 419 - Peak Hill
2008132,Pumper 384 - Moruya
2008144,Aerial Pumper 340 - Umina
2008146,Pumper 376 - Merewether
2008154,Pumper 401 - Narromine
2008155,CAFS Tanker 448 - South Tamworth
2008158,Aerial Pumper 086 - Penrith
2008162,Rescue Pumper 250 - Canowindra
2008164,Tanker 202 - Abermain
2008165,Hazmat 260 - Newcastle
2008166,Pumper 043 - Seven Hills
2008167,Tanker 489 - Warragamba
2008170,CAFS Pumper 041 - Smithfield
2008171,Tanker 088 - Campbelltown
2008172,Pumper 280 Alpha - Dubbo
2008180,Pumper 405 - Nowra
2008182,Rescue Pumper 68 - Narrabeen
2008185,Tanker 264 - Coonabarabran
2008201,Tanker 340 - Umina
2008204,Hazmat 452 - Tamworth
2008205,HP 085 - Chester Hill
2008206,STP 092 - St Andrews
2008210,Tanker 505 - Wyong
2008212,HP 453 - Taree
2008218,CAFS Pumper 048 - Mortdale
2008220,Rescue Pumper 357 - Lambton
2008223,Pumper 022 - Leichhardt
2008224,Pumper 039 - Randwick
2008225,Rescue Pumper 477 - Ulladulla
2008229,Pumper 301 - Glenbrook
2008232,Pumper 255 - Charlestown
2008233,Pumper 260 - Newcastle
2008234,Pumper 505 - Wyong
2008239,DC - Illawarra
2008241,Tanker 450 - Saratoga
2008242,Pumper 050 - Hornsby
2008244,C 477 - Ulladulla
2008245,HR 102 - Regentville
2008247,Pumper 220 - Bellbird
2008258,Tanker 226 - Blackheath
2008260,Pumper 446 - Stockton
2008266,Pumper 514 - Banora Point
2008273,Pumper 506 - Wee Waa
2008284,Pumper 442 - Scarborough
2008287,Rescue Pumper 343 - Katoomba
2008289,Pumper 065 - Rydalmere
2008295,DC - North Coast 2
2008296,Rescue Pumper 412 - Orange
2008299,Pumper 357 - Lambton
2008303,HP 013 - Alexandria
2008304,Pumper 244 - Brewarrina
2008305,STT 005 - Newtown
2008307,Pumper 260 - Newcastle
2008309,Pumper 82 - Richmond
2008316,Tanker 458 - Teralba
2008318,Rescue Pumper 222 - Belmont
2008319,Rescue Pumper 241 - Bulli
2008321,Pumper 349 - Kurri Kurri
2008323,DC - Lower Hunter 3
2008326,Rescue Pumper 236 - Braidwood
2008331,H Support 260 - Newcastle
2008335,CAFS Pumper 263 - Cooma
2008338,Pumper 428 - Queanbeyan
2008341,HP 087 - Rosemeadow
2008346,Pumper 374 - Maitland
2008347,Pumper 052 - Campsie
2008350,SAR 7
2008355,DC - Central Coast
2008357,Pumper 514 - Banora Point
2008364,Pumper 417 - Parkes
2008371,Rescue Pumper 304 - Gosford
2008375,Pumper 364 - Lithgow
2008376,SI - Southern Highlands
2008377,Pumper 488 - Shellharbour
2008379,Pumper 493 - Wellington
2008380,Rescue Pumper 001 - City of Sydney
2008383,Tanker 222 - Belmont
2008385,Pumper 300 - Gilgandra
2008386,Pumper 446 - Stockton
2008387,Pumper 294 - Forbes
2008392,Pumper 094 - Kellyville
2008397,DC - South West
2008400,Rescue Pumper 248 - Queanbeyan
2008405,Rescue Pumper 428 - Queanbeyan
2008409,Team Leader H
2008415,CAFS Pumper 455 - Rutherford
2008418,Pumper 038 - Pyrmont
2008420,Pumper 344 - Kearsley
2008421,TR 357 - Lambton
2008423,Pumper 447 - Swansea
2008424,CAFS Pumper 040 - Willoughby
2008426,Pumper 341 Alpha - Kariong
2008427,Pumper 292 - Doyalson
2008429,Pumper 210 - Balgownie
2008430,Rescue Pumper 062 - Bankstown
2008432,Pumper 418 - Paxton
2008434,Tanker 395 - Merimbula
2008438,Pumper 346 - Kiama
2008439,CAFS Pumper 251 - Cardiff
2008442,Pumper 446 - Stockton
2008448,Pumper 314 - Gunnedah
2008457,Rescue Pumper 059 - Eastwood
2008459,Pumper 255 - Charlestown
2008461,Pumper 468 Bravo - Tweeds Head
2008466,Pumper 005 - Newtown
2008467,Pumper 076 - Bondi
2008471,Pumper 308 - Wallsend
2008472,LSV 351 - Bateau Bay
2008473,Pumper 084 - Macquarie Fields
2008481,Pumper 011 - Woollahra
2008483,Tanker 498 - Holmesville
2008487,Tanker 367 - Lightning Ridge
2008489,Tanker 500 - Tingira Heights
2008491,Aerial Pumper 462 - Mayfield West
2008497,Pumper 090 - Menai
2008502,CO2
2008504,Hazmat Tanker 387 - Mudgee
2008507,Rescue Pumper 444 - Singleton
2008510,Tanker 255 - Charlestown
2008511,Pumper 378 - Mittagong
2008516,ZC - Central Coast
2008519,Hazmat 399 - Narrabri
2008523,CAFS Pumper 399 - Narrabri
2008524,Pumper 259 - Condobolin
2008526,Pumper 81 - Windsor
2008527,CAFS Pumper 069 - Dee Why
2008530,DC - Western Slopes 2
2008534,Rescue Pumper 499 - West Wyalong
2008540,Pumper 264 - Coonabarabran
2008544,SAR 9
2008545,Pumper 208 - Aberdeen
2008549,Pumper 500 - Tingira Heights
2008551,Pumper 387 - Mudgee
2008552,Pumper 207 Bravo - Albion Park
2008553,Hazmat 228 - Berkeley Vale
2008554,Pumper 245 - Budgewoi
2008558,Pumper 254 Bravo - Cessnock
2008559,Rescue Pumper 020 - Hurstville
2008560,CAFS Pumper 399 - Narrabri
2008563,Pumper 411 - Oberon
2008567,Pumper 367 - Lightning Ridge
2008568,LT 421 - Picton
2008572,ZC - Lower Hunter
2008575,Rescue Pumper 241
2008582,Pumper 341 Bravo - Kariong
2008625,Pumper 347 - Kingscliff
2008627,Rescue Tanker 482 - Walgett
2008628,Pumper 340 Bravo - Umina
2008630,Rescue Pumper 503 - Wollongong
2008633,Pumper 242 - Bundanoon
2008640,Pumper 016 - Concord
2008644,Pumper 234 - Bowral
2008646,Rescue Pumper 434 - Hamlyn Terrace
2008648,DC - Newcastle 1
2008658,Hazmat 216 - Bathurst
2008661,LSV 001 - Sydney
2008667,Pumper 464 - Toronto
2008668,Pumper 105 - Kelso
2008684,Pumper 500 - Tingira Heights
2008687,Pumper 470 - Toukley
2008691,Pumper 024 - Manly
2008693,Hazmat Tanker 259 - Condobolin
2008698,Tanker 363 - Lithgow
2008701,Tanker 349 - Kurri Kurri
2008702,Pumper 509 - Wyoming
2008704,Tanker 402 - Salamander Bay
2008706,Pumper 006 - Mona Vale
2008712,Pumper 377 - Minmi
2008715,Pumper 312 - Gulgong
2008719,Tanker 301 - Glenbrook
2008720,Pumper 398 - Narooma
2008724,Rescue Pumper 015 - Burwood
2008725,Rescue Pumper 304 - Gosford
2008726,Pumper 256 - Cobar
2008728,DC - Central West
2008730,Pumper 452 - Tamworth
2008733,Pumper 261 - Coolah
2008739,Firecomms Dispatch -  North
2008748,Rescue Pumper 057 - Wentworthville
2008755,Pumper 026 - Wauchope
2008756,RV 389 - Harden
2008760,Aerial Pumper 092 - St Andrews
2008762,Pumper 019 - Silverwater
2008766,Pumper 060 - Avalon
2008781,Pumper 81 - Windsor
2008784,Pumper 003 - The Rocks
2008788,Tanker 485 - Wangi Wangi
2008789,Pumper 382 - Morpeth
2008790,Pumper 459 - Terrigal
2008792,Rescue Pumper 20 - Hurstville
2008793,DC - Lower Hunter 2
2008800,BFO 4
2008806,Rescue Pumper 263 - Cooma
2008820,Pumper 098 - Cranebrook
2008822,Pumper 265 - Coonamble
2008825,Rescue Pumper 380 - Molong
2008826,RV 312 - Gulgong
2008833,SI Newcastle
2008839,Pumper 058 - Beecroft
2008850,Pumper 017 - Drummoyne
2008851,Pumper 377 - Minmi
2008867,HV 077 - St Marys
2008883,Pumper 014 - Ashfield
2008884,Pumper 007 - Horningsea Park
2008900,CAFS Pumper 511 - Yass
2008901,Rescue Pumper 304 - Gosford
2008906,Pumper 005 - Newtown
2008909,Pumper 359 - Lawson
2008910,Pumper 342 - Kandos
2008912,Pumper 495 - Wentworth Falls
2008915,DC - Inner West
2008920,Rescue Pumper 71 - Castle Hill
2008937,Pumper 373 - East Maitland
2008938,HP 228 - Berkeley Vale
2008939,RC 381 - Moree
2008942,Pumper 202 - Abermain
2008944,Pumper 325 - Helensburgh
2008952,Tanker 305 - Goulburn
2008954,Pumper 16 - Concord
2008961,Hazmat 286 - Eden
2008966,Pumper 281 - Dunedoo
2008969,Rescue Pumper 357 - Lambton
2008972,Rescue Pumper 445 Alpha - Rutherford
2009495,Rescue Pumper 511 - Yass
2009559,CAFS Pumper 434 - Hamlyn Terrace
2009561,Rescue Pumper 093 - Narellan
2009569,DC - Blue Mountains 2
2009570,DC - North Coast 2
2009574,Pumper 254 Alpha - Cessnock
2009575,Rescue Pumper 217 - Batemans Bay
2009585,LSV 357 - Lambton
2009587,CAFS Pumper 018 - Glebe
2009589,DC - Parramatta
2017210,Pumper 345 - Kempsey
2026201,Rescue Pumper 71 - Castle Hill
2072004,Brigade Tech
2072008,Brigade Tech
2072033,GRE SPARE
2072049,Rescue Pumper 235 - Bowraville
2072050,Brigade Tech
2072067,GRE SPARE
2072089,GRE SPARE
2072116,HP 305 - Goulburn
2072119,Pumper 242 - Bundanoon
2072121,STN 230 - Bombala
2072128,STN 271 - Crookwell
2072130,STN 477 - Ulladulla
2072131,STN 466 - Tumbarumba
2072135,STN 451 - Thredbo
2072136,STN 389 - Harden
2072137,Pumper 428 - Queanbeyan
2072139,STN 426 - Perisher Valley
2072143,Pumper 405 - Nowra
2072146,Portland Station
2072149,CAFS Tanker 240 - Brunswick Heads
2072150,STN 308 - Grenfell
2072160,HP 468 Alpha - Tweeds Heads
2072167,CAFS Pumper 251 - Cardiff
2072187,Pumper 003 - The Rocks
2072205,CAFS Tanker 489 - Warragamba
2072206,Rescue Pumper 054 - Cronulla
2072208,Pumper 053 - Neutral Bay
2072214,Pumper 432 - Raymond Terrace
2072215,CAFS Tanker 483 - Wallerawang
2072227,Hazmat 260 - Newcastle
2072236,FIRU
2072239,CAFS Aerial Pumper 047 - Revesby
2072244,STN 499 - West Wyalong
2072247,Pumper 202 - Abermain
2072260,Rescue 102 - Regentville
2072261,CAFS Aerial Pumper 047 - Revesby
2072267,STN 235 - Bowraville
2072269,STN 295 - Forster
2072273,STN 424 - Port Macquarie
2072275,STN 453 - Taree
2072277,STN 345 - Kempsey
2072279,STN 221 - Bellingen
2072288,BT464 Toronto
2072291,STN 213 - Bangalow
2072292,STN 362 - Lismore
2072299,Banora Point Fire Station
2072303,Pumper 447 - Swansea
2072305,STN 264 - Coonabarabran
2072310,Bingara Fire Station
2072319,STN 331 - Inverell
2072326,STN 206 - North Albury
2072332,STN 214 - Barham
2072337,STN 394 - Mulwala
2072339,STN 472 - Turvey Park
2072345,Narromine Fire Station
2072347,P 280 Station - Dubbo
2072352,Pumper 284 - Delroy
2072356,STN 491 - Warren
2072358,Rescue Pumper 230 - Bombala
2072360,STN 244 - Brewarrina
2072374,STN 412 - Orange
2072380,STN 311 - Griffith
2072382,STN 400 - Narrandera
2072383,STN 337 - Junee
2072384,STN 321 - Hay
2072388,STN 456 - Temora
2072398,Pumper 463 - Tocumwal
2072406,Pumper 082 - Richmond
2072421,Pumper 340 Alpha - Umina
2072432,Pumper 357 Bravo - Lambton
2072433,CAFS Tanker 240 - Brunswick Heads
2072434,Pumper 061 - Lane Cove
2072435,Pumper 005 - Newtown
2072437,Pumper 010 - Redfern
2072441,Pumper 025 - Mosman
2072450,CAFS Aerial Pumper 050 - Hornsby
2072481,TP 011 - Woollahra
2072490,CAFS Tanker 88 - Campbelltown
2072501,Pumper 010 - Redfern
2072504,CAFS Pumper 306 - Grafton
2072505,CAFS Aerial Pumper 462 - Mayfield West
2072507,Pumper 448 Bravo - South Tamworth
2072519,Rescue Pumper 357 - Lambton
2072520,Tanker 239 - Broken Hill Sth
2072524,Pumper 373 - East Maitland
2072537,Pumper 475 - Uralla
2072544,Pumper 468 Alpha - Tweeds Head
2072552,Pumper 441 - Sawtell
2072559,Pumper 514 - Banora Point
2072562,Pumper 043 - Seven Hills
2072579,CAFS Pumper 005 - Newtown
2072584,CAFS Pumper 69 - Dee Why
2072588,Pumper 216 Bravo - Bathurst
2072595,Pumper 070 - Maroubra
2072596,Pumper 016 - Concord
2072602,Pumper 010 - Redfern
2072603,Pumper 027 - Parramatta
2072606,Rescue Pumper 357 - Lambton
2072611,Pumper 11 - Woollahra
2072614,Runner 001 - City Of Sydney
2072619,Rescue Tanker 406 - Nyngan
2072621,Pumper 067 - Baulkham Hills
2072623,Pumper 426 Bravo - Perisher Valley
2072624,Field Service Tech
2072628,CAFS Pumper 064 - Lakemba
2072630,Pumper 391 - Murwillumbah
2072632,Pumper 073 - Yennora
2072634,CAFS Pumper 211 - Ballina
2072635,Pumper 061 - Lane Cove
2072637,Rescue Pumper 068 - Narrabeen
2072644,TP 004 - Darlinghurst
2072645,Pumper 042 - Ryde
2072647,Pumper 238 - Broken Hill
2072649,Aerial Pumper 351 - Bateau Bay
2072656,Pumper 072 - Merrylands
2072663,Pumper 456 - Temora
2072665,CAFS Pumper 284 - Delroy
2072666,Pumper 505 - Wyong
2072678,Aerial Pumper 257 - Coffs Harbour
2072690,Rescue Pumper 222 - Belmont
2072698,CAFS Tanker 509 - Wyoming
2072699,Pumper 003 - The Rocks
2072706,Flyer 001 - City Of Sydney
2072711,Pumper 061 - Lane Cove
2073000,Rescue Pumper 282 - Dungog
2073001,Tanker 263 - Cooma
2073002,Rescue Pumper 477 - Ulladulla
2073003,Hazmat Tanker 302 - Glen Innes
2073004,Rescue Pumper 241 - Bulli
2073005,Pumper 510 - Yamba
2073006,Pumper 202 - Abermain
2073007,STT 19
2073008,Tanker 264 - Coonabarabran
2073009,DC - Central Coast
2073011,Pumper 434 - Hamlyn Terrace
2073012,Pumper 448 Bravo - Teralba
2073016,Rescue Pumper 033 - Engadine
2073019,Rescue Pumper 001 - City of Sydney
2073020,Pumper 434 - Hamlyn Terrace
2073021,Pumper 076 - Bondi
2073025,Pumper 216 Alpha - Bathurst
2073027,SEA2
2073028,Tanker 398 - Narooma
2073029,Rescue Pumper 395 - Merimbula
2073031,Rescue Pumper 93 - Narellan
2073032,ACRS
2073033,RC 451 - Thredbo
2073035,Pumper 83 - Riverstone
2073036,Rescue Pumper 464 - Toronto
2073037,Pumper 424 - Port Macquarie
2073038,Tanker 461 - Thirroul
2073039,Rescue Pumper 232 - Boorowa
2073040,HP 228 - Berkeley Vale
2073041,Tanker 217 - Narooma
2073042,Pumper 472 Alpha - Turvey Park
2073043,STSEV 105 - Kelso
2073044,Pumper 398 - Narooma
2073045,Pumper 442 - Scarborough
2073046,PC 338 - Jindabyne
2073048,Rescue Pumper 445 Alpha - Springwood
2073049,DC - Metro Ops North 1
2073050,CAFS Pumper 031 - Busby
2073051,Pumper 489 - Warragamba
2073052,LP 004 - Darlinghurst
2073053,Rescue Pumper 008 - Liverpool
2073054,Pumper 248 - Camden
2073056,Tanker 244 - Brewarrina
2073057,DC - Illawarra
2073058,Pumper 094 - Kellyville
2073059,CAFS Pumper 338 - Jindabyne
2073060,LP 036 - Crows Nest
2073061,Rescue Pumper 230 - Bombala
2073062,Hazmat 286 - Eden
2073063,Pumper 405 - Nowra
2073064,RV 384 - Moruya
2073065,HS 260 - Newcastle
2073068,CAFS Pumper 018 - Glebe
2073069,STT32
2073071,STT06
2073072,Hazmat Tanker 338 - Jindabyne
2073073,Pumper 258 - Coledale
2073074,Pumper 025 - Mosman
2073076,Flyer 1 - Sydney City
2073077,Pumper 053 - Neutral Bay
2073082,Pumper 384 - Moruya
2073085,Rescue Pumper 304 - Gosford
2073086,Rescue Pumper 379 - Moama
2073088,Rescue 068 - Narrabeen
2073090,BT 050 - Hornsby
2073091,CAFS Pumper 031 - Busby
2073092,Hazmat 077 - St Marys
2073094,Rescue Pumper 263 - Cooma
2073095,Rescue Pumper 075 - Berowra
2073097,CAFS Tanker 255 - Charlestown
2073099,CSO 4
2073100,Rescue Pumper 057 - Wentworthville
2073101,Rescue Pumper 235 - Bowraville
2073102,Rescue Pumper 499 - West Wyalong
2073103,Pumper 481 - Walcha
2073106,Rescue Tanker 475 - Uralla
2073108,Rescue Pumper 001 - City Of Sydney
2073109,ZCCW
2073110,Pumper 367 - Lightning Ridge
2073113,Tanker 078 - Ropes Crossing
2073114,LT 081 - Windsor
2073115,C 457 - Tenterfield
2073116,Tanker 207 - Albion Park
2073117,CAFS Tanker 244 - Brewarrina
2073118,Pumper 411 - Oberon
2073119,Pumper 227 - Blayney
2073121,Pumper 027 - Paramatta
2073123,Hazmat Tanker 387 - Mudgee
2073125,STT 07
2073126,Pumper 029 - Arncliffe
2073127,Pumper 065 - Rydalmere
2073128,Pumper 292 - Doyalson
2073129,Pumper 021 - Kogarah
2073131,Rescue Pumper 036 - Crows Nest
2073132,Hazmat Tanker 259 - Condoblin
2073133,Pumper 073 - Yennora
2073134,Pumper 082 - Richmond
2073137,Tanker 090 - Menai
2073138,Pumper 039 - Randwick
2073139,Pumper 012 - Balmain
2073140,DC - Central Coast
2073142,Runner 001 - City of Sydney
2073143,Rescue 059 - Eastwood
2073144,CAFS Tanker 405 - Nowra
2073145,CAFS Pumper 064 - Lakemba
2073146,Pumper 472 - Turvey Park
2073149,TP 012 - Balmain
2073150,Rescue Pumper 383 - Morisset
2073151,Rescue 008 - Liverpool
2073153,Rescue 001 - City Of Sydney
2073156,LSV 357 - Lambton
2073157,Rescue Pumper 343 Alpha - Katoomba
2073158,Rescue Pumper 001 - City of Sydney
2073161,FSTL
2073163,TP 007 - Horningsea Park
2073168,Pumper 341 Alpha - Kariong
2073169,Tanker 402 - Salamander Bay
2073172,Pumper 341 Alpha - Kariong
2073173,Pumper 061 - Lane Cove
2073174,Rescue Pumper 464 - Toronto
2073175,DC  - Blue Mountains
2073177,Pumper 337 - Junee
2073178,Pumper 281 - Dunedoo
2073179,Pumper 364 - Lithgow West
2073180,Pumper 080 - Bundeena
2073181,Rescue 075 - Berowra
2073182,Pumper 221 - Bellingen
2073183,Rescue Pumper 235 - Bowraville
2073185,Pumper 248 - Camden
2073187,Aerial Pumper 472 - Turvey Park
2073188,CAFS Pumper 092 - St Andrews
2073189,Pumper 017 - Drummoyne
2073190,Rescue Pumper 222 - Belmont
2073191,RV RN1
2073193,Tanker 488 - Shellharbour
2073195,Pumper 461 - Thirroul
2073197,CAFS Pumper 030 - Lidcombe
2073199,Pumper 502 - Wingham
2073200,Hazmat 257 - Coffs Harbour
2073202,Rescue Tanker 295 - Forster
2073203,Pumper 303 - Gloucester
2073204,Pumper 345 Bravo - Kempsey
2073205,Rescue Tanker 345 - Kempsey
2073206,Hazmat Tanker 455 - Rutherford
2073207,Tanker 358 - Laurieton
2073208,Tanker 397 - Nambucca Heads
2073209,Pumper 424 Charlie - Port Macquarie
2073211,BT 050 - Hornsby
2073212,Hazmat 424 - Port Macquarie
2073213,Tanker 441 - Sawtel
2073215,Tanker 453 - Taree
2073216,Rescue Pumper 471 - Tea Gardens
2073218,Tanker 454 - Tarro
2073219,CAFS Pumper 476 - Urunga
2073220,Hazmat 316 - Goonellabah
2073221,T 502 Siera - Wingham
2073222,STT38
2073223,Pumper 372 - Maclean
2073224,Pumper 288 - Evans Head
2073225,Tanker 507 - Woolgoolga
2073226,Tanker 492 - Wauchope
2073227,Pumper 461 - Thirroul
2073228,Pumper 350 - Kyogle
2073229,Rescue Pumper 492 - Wauchope
2073230,CAFS Pumper 253 - Casino
2073231,Pumper 240 - Brunswick Heads
2073232,Tanker 397 - Nambucca Heads
2073233,Pumper 267 - Coraki
2073235,Pumper 253 - Casino
2073236,Pumper 316 - Goonellabah
2073237,Pumper 243 - Byron Bay
2073238,Tanker 507 - Woolgoolga
2073239,LSV 093 - Narellan
2073240,L 011 - Woollahra
2073241,Hazmat 468 - Tweed Heads
2073242,Tanker 255 - Charlestown
2073245,Tanker 483 - Wallerawang
2073246,Tanker 383 - Morisset
2073247,Pumper 470 - Toukley
2073250,Pumper 495 - Wentwoth Falls
2073251,Pumper 070 - Maroubra
2073252,Pumper 359 - Lawson
2073253,HP 095 - Oran Park
2073254,Pumper 474 - Unanderra
2073255,Pumper 487 - Warialda
2073256,Rescue Pumper 445 Bravo - Springwood
2073257,Pumper 018 - Glebe
2073258,Rescue Pumper 402 - Salamander Bay
2073259,HP 228 - Berkeley Vale
2073260,Pumper 229 - Boggabri
2073261,CAFS Pumper 455 - Rutherford
2073264,Rescue Pumper 491 - Warren
2073265,Pumper 270 - Cowra
2073266,LP 001 - City Of Sydney
2073267,Aerial Pumper 097 - Huntingwood
2073268,Pumper 456 - Temora
2073269,292 - Doyalson
2073271,STT03
2073274,Pumper 218 - Batlow
2073275,LT 237 - Branxton
2073276,Pumper 470 - Toukley
2073278,Rescue Pumper 266 - Cootamundra
2073279,Pumper 512 - Yenda
2073280,Pumper 417 - Parkes
2073281,Pumper 016 - Concord
2073282,Tanker 300 - Gilgandra
2073283,CAFS Tanker 082 - Richmond
2073284,CAFS Pumper 048 - Mortdale
2073285,C 477 - Ulladulla
2073287,Pumper 038 - Pyrmont
2073288,Pumper 215 - Barraba
2073289,Pumper 053 - Neutral Bay
2073290,Pumper 331 - Inverell
2073291,Pumper 096 - Schofields
2073292,Rescue Pumper 078 - Ropes Crossing
2073293,Pumper 205 Bravo - Armidale
2073294,ZC - Inner West
2073295,Pumper 205 Alpha - Armidale
2073296,TR 063 - Blacktown
2073297,HP 305 - Goulburn
2073298,Pumper 448 Alpha - South Tamworth
2073299,Pumper 280 Bravo - Dubbo
2073300,Tanker 485 - Wangi Wangi
2073302,Rescue Pumper 380 - Molong
2073303,RV 312 - Gulgong
2073304,Hazmat 095 - Oran Park
2073305,Pumper 482 - Walget
2073306,Rescue Pumper 059 - Eastwood
2073309,Pumper 027 - Parramatta
2073310,CAFS Pumper 056 - Matraville
2073311,Rescue Tanker 419 - Peak Hill
2073312,ZC - Central West
2073313,Pumper 264 - Coonabarabran
2073314,Pumper 498 - Holmesville
2073315,RC 381 - Moree
2073316,Rescue Tanker 494 - Wentworth
2073320,LSV 357 - Lambton
2073321,Pumper 401 - Narromine
2073323,Rescue Tanker 465 - Trangie
2073324,DC - Lower Hunter 2
2073326,Rescue Pumper 499 - West Wyalong
2073327,STT25
2073328,Tanker 251 - Cardiff
2073330,Rescue Tanker 394 - Mulwala
2073331,Pumper 484 - Wallsend
2073332,STT 087 - Rosemeadow
2073333,RV 448 - South Tamworth
2073334,HS 488 - Shellharbour
2073335,DC - GR
2073336,CMHCT
2073337,Hazmat Tanker 238 - Broken Hill
2073339,STT43
2073341,CAFS Pumper 031 - Busby
2073344,Pumper 506 - Wee Waa
2073345,RV 377 - Minmi
2073346,Pumper 458 - Teralba
2073347,Pumper 301 - Glenbrook
2073349,Pumper 349 - Kurri Kurri
2073350,LP 260 - Lambton
2073353,DC Rivers 2
2073355,DC - City
2073359,Pumper 244 - Brewarrina
2073364,GRE SPARE
2073366,Pumper 377 - Minmi
2073367,Pumper 252 - Carrington
2073368,Pumper 245 - Budgewoi
2073369,Pumper 357 Charlie - Lambton
2073370,Pumper 242 - Bundanoon
2073371,Rescue Pumper 513 - Young
2073372,LSV 001 - City Of Sydney
2073373,Hazmat Tanker 378 - Mittagong
2073374,Rescue Pumper 358 - Laurieton
2073379,Pumper 087 - Rosemeadow
2073382,LP 503 - Wollongong
2073384,Pumper 391 - Murwillumbah
2073385,Hazmat Tanker 259 - Condobolin
2073386,Tanker 513 - Young
2073394,STT23
2073399,LSV 357 - Lambton
2073400,C 266 - Cootamundra
2073401,Pumper 293 - Finley
2073403,Hazmat 228 - Berkeley Vale
2073406,RV 272 - Culcairn
2073407,Pumper 466 - Tumbarumba
2073409,ACMW
2073411,Tanker 081 - Windsor
2073413,Hazmat 363 - Lithgow
2073414,Hazmat 216 - Bathurst
2073415,Tanker 456
2073416,Pumper 224 - Berry
2073419,Rescue Pumper 389 - Harden
2073420,Pumper 459 - Terrigal
2073421,STT 042
2073422,Pumper 261 - Coolah
2073424,Pumper 450 - Saratoga
2073428,C 360 - Leeton
2073429,Tanker 301 - Glenbrook
2073430,Tanker 081 - Windsor
2073432,LSV 434 - Hamlyn Terrace
2073434,Rescue 059 - Eastwood
2073438,Tanker 513 - Young
2073439,Pumper 308 - Grenfell
2073443,HP 077 - St. Marys
2073445,CAFS Tanker 090 - Menai
2073446,CAFS Tanker 211 - Ballina
2073448,Pumper 357 Bravo - Lambton
2073449,Pumper 411 - Oberon
2073451,CAFS Pumper 040 - Willoughby
2073452,Rescue Pumper 036 - Crows Nest
2073453,Pumper 493 - Wellington
2073454,CAFS Pumper 306 - Grafton
2073456,Rescue Pumper 357 - Lambton
2073458,BT 092 - St Andrews
2073459,Pumper 373 - East Maitland
2073460,Pumper 090 - Menai
2073461,Aerial Pumper 047 - Revesby
2073463,Pumper 294 - Forbes
2073464,Pumper 314 - Gunnedah
2073465,Tanker 305 - Goulburn
2073466,Pumper 043 - Seven Hills
2073468,BW 256 - Cobar
2073469,Pumper 300 - Gilgandra
2073470,CAFS Tanker 349 - Kurri Kurri
2073472,Rescue Pumper 068 - Narrabeen
2073473,CAFS Pumper 454 - Tarro
2073474,Pumper 006 - Mona Vale
2073475,Pumper 006 - Mona Vale
2073476,TS 388 - Mullumbimby
2073477,Pumper 028 - Marrickville
2073478,Pumper 034 - Riverwood
2073479,DC - Inner West
2073481,Pumper 055 - Guildford
2073482,Pumper 043 - Seven Hills
2073483,Rescue Pumper 304 - Gosford
2073484,Rescue Pumper 001 - City Of Sydney
2073487,TLFOT
2073488,Pumper 465 - Trangie
2073490,Rescue Pumper 406 - Nyngan
2073491,Rescue Pumper 428 - Queanbeyan
2073493,Pumper 357 Bravo - Lambton
2073495,Pumper 256 - Cobar
2073497,Hazmat Tanker 306 - Grafton
2073498,Pumper 418 - Paxton
2073499,Rescue Pumper 304 - Gosford
2073501,Z Flood Crew 2
2073502,Pumper 344 - Kearsley
2073503,Hazmat 260 - Newcatle
2073504,Tanker 202 - Abermain
2073505,STT35
2073509,CAFS Aerial Pumper 092 - St Andrews
2073513,Pumper 220 - Bellbird
2073514,STP48
2073516,TR 357 - Lambton
2073517,Rescue Pumper 421 - Picton
2073518,Rescue Pumper 068 - Morisset
2073519,Pumper 429 - Quirindi
2073521,Tanker 346 - Kiama
2073522,Pumper 223 - Berrigan
2073523,RC 426 - Perisher Valley
2073524,Pumper 394 - Mulwala
2073525,Tanker 336 - Jerilderie
2073526,Rescue Pumper 336 - Jerilderie
2073528,Tanker 400 - Narrandera
2073529,Pumper 209 - Albury Civic
2073530,Rescue Pumper 365 - Lockhart
2073532,Rescue Tanker 214 - Barham
2073533,Pumper 496 - Werris Creek
2073534,Hazmat 280 - Dubbo
2073535,CAFS Pumper 251 - Cardiff
2073537,Rescue Pumper 379 - Moama
2073540,Aerial Pumper 097 - Huntingwood
2073541,Pumper 005 - Newtown
2073542,Rescue Pumper 402 - Salamander Bay
2073543,Pumper 010 - Redfern
2073544,Pumper 030 - Lidcome
2073545,Pumper 050 - Hornsby
2073546,HP 051 - Forestville
2073547,Pumper 422 - Warrawong
2073548,DC - North Coast 2
2073549,Pumper 463 - Tocumwal
2073550,CAFS Pumper 434 - Hamlyn Terrace
2073551,Rescue Pumper 412 Bravo - Orange
2073552,Pumper 400 - Narrandera
2073554,Pumper 440 - Shoalhaven
2073556,HP 305 - Goulburn
2073557,Tanker 399 - Narrabri
2073558,Rescue Pumper 036 - Crows Nest
2073559,Rescue Pumper 217 - Batemans Bay
2073562,BAHS1
2073563,CAFS Tanker 270 - Cowra
2073564,HighTrans
2073568,SINC
2073569,Aerial Pumper 203 - Albury Central
2073570,CO2
2073571,STP10
2073572,Pumper 393 - Merriwa
2073574,Pumper 500 - Tingira Heights
2073575,Pumper 024 - Manly
2073576,Rescue Pumper 283 - Denman
2073578,STP 16
2073579,Hazmat Tanker 209 - Albury Civic
2073581,Rescue Pumper 037 - Gordon
2073583,Pumper 022 - Leichardt
2073584,Pumper 475 - Uralla
2073585,Rescue Pumper 357 - Lambton
2073586,CAFS Pumper 278 - Deniliquin
2073587,TR 008 - Liverpool
2073590,Rescue Pumper 071 - Castle Hill
2073591,Pumper 440 - Shoalhaven
2073592,Rescue Pumper 101 - Bonnyrigg Heights
2073593,CAFS Pumper 083 - Richmond
2073594,Aerial Pumper 257 - Coffs Harbour
2073595,CAFS Pumper 269 - Corrimal
2073596,CAFS Pumper 041 - Smithfield
2073597,Pumper 072 - Merrylands
2073598,Pumper 440 - Shoalhaven
2073599,CAFS Pumper 047 - Revesby
2073600,Pumper 208 - Aberdeen
2073601,GRE SPARE
2073602,Pumper 480 - Wagga Wagga
2073603,Pumper 346 - Kiama
2073604,Pumper 382 - Morpeth
2073605,Pumper 076 - Bondi
2073606,Pumper 505 - Wyong
2073607,Pumper 353 - Kincumber
2073610,SI - Lower Hunter
2073611,STP58
2073615,Pumper 227 - Blayney
2073618,Tanker 464 - Toronto
2073619,L 024 - Manly
2073620,CAFS Tanker 472 - Turvey Park
2073621,Rescue Pumper 511 - Yass
2073628,LSV 361 - Leura
2073629,Rescue Pumper 383 - Morisset
2073630,Pumper 081 - Windsor
2073631,HP 085 - Chester Hill
2073632,CAFS Tanker 509 - Wyoming
2073633,Rescue Pumper 033 - Engadine
2073634,Rescue Tanker 345 - Kempsey
2073635,Tanker 340 - Umina
2073640,Pumper 447 - Swansea
2073641,Hazmat 286 - Eden
2073642,Hazmat Tanker 455 - Rutherford
2073643,DC - Newcastle 2
2073644,Rescue Pumper 402 - Salamander Bay
2073645,Pumper 376 - Merewether
2073649,Pumper 446 - Stockon
2073650,DC - North
2073651,Hazmat Tanker 302 - Glen Innes
2073652,LT 421 - Picton
2073653,Mobile Command Centre Bravo
2073655,CAFS Tanker 495 - Wentworth Falls
2073657,Pumper 467 - Tumut
2073658,Rescue Pumper 262 - Coolamon
2073659,LT 322 - Henty
2073662,C 477 - Ulladulla
2073663,RV 512 - Yenda
2073665,Tanker 363 - Lithgow
2073666,Rescue Pumper 236 - Braidwood
2073667,Pumper 226 - Blackheath
2073668,Pumper 483 - Wallerawang
2073669,Pumper 423 - Portland
2073671,Tanker 412 - Orange
2073673,Pumper 272 - Culcairn
2073675,Pumper 374 - Maitland
2073676,ACMN
2073677,STT36
2073678,Tanker 084 - Macquarie Fields
2073679,STP 89
2073680,Tanker 343 - Katoomba
2073681,Rescue Pumper 271 - Crookwell
2073683,Hazmat 480 - Wagga Wagga
2073684,BAH3
2073685,Hazmat Tanker 278 - Deniliquin
2073686,Tanker 450 - Saratoga
2073687,Tanker 505 - Wyong
2073688,Pumper 313 - Gundagai
2073690,Rescue Pumper 222 - Belmont
2073691,Pumper 023 - Gladesville
2073693,RP 383 Morisset
2073695,Pumper 324 - Holbrook
2073696,Pumper 325 - Helensburgh
2073697,Rescue Pumper 059 - Eastwood
2073698,Rescue Tanker 466 - Tumbarumba
2073699,Tanker 245 - Budgewoi
2073700,STP 94
2073702,Tanker 311 - Griffith
2073703,Pumper 360 - Leeton
2073704,CAFS Pumper 295 - Forster
2073705,Hazmat 360 - Leeton
2073706,Pumper 338 - Jindabyne
2073707,Pumper 212 - Balranald
2073709,Rescue Pumper 507 - Woolgoolga
2073710,Pumper 424 - Port Macquarie
2073711,Pumper 345 Alpha - Kempsey
2073712,Pumper 371 - Macksvile
2073713,Pumper 424 Bravo - Port Macquarie
2073714,DC WS 2
2073715,Pumper 204 - Alstonville
2073716,Pumper 213 - Bangalow
2073717,Pumper 510 - Yamba
2073718,Pumper 362 Alpha - Lismore
2073719,Pumper 257 Alpha - Coffs Harbour
2073720,Pumper 307 - Grafton
2073721,Pumper 468 Bravo - Tweed Heads
2073722,Pumper 441 - Sawtell
2073723,Pumper 514 - Banora Point
2073724,Pumper 279 - Dorrigo
2073725,Pumper 397 - Nambucca Heads
2073726,Pumper 347 - Kingscliff
2073727,DC - Peel 1
2073728,HP 453 - Taree
2073729,Rescue Pumper 392 - Muswellbrook
2073730,Pumper 385 - Moss Vale
2073732,Pumper 388 - Mullumbimby
2073733,Pumper 362 Bravo - Lismore
2073734,Rescue Pumper 036 - Crows Nest
2073735,Rescue Pumper 057 - Wentworthville
2073736,Pumper 378 - Mittagong
2073737,Pumper 052 - Campsie
2073738,Pumper 069 - Dee Why
2073739,Pumper 051 - Forestville
2073740,Rescue Pumper 428 - Queanbeyan
2073741,CAFS Tanker 511 - Yass
2073743,TLFOT?
2073744,Pumper 058 - Beecroft
2073747,Pumper 254 Bravo - Cessnock
2073748,Pumper 340 Bravo - Umina
2073750,Pumper 375 - Manilla
2073751,Pumper 280 Alpha - Dubbo
2073752,Rescue Pumper 477 - Ulladulla
2073753,Pumper 210 - Balgownie
2073755,HP 087 - Rosemeadow
2073756,Pumper 084 - Macquarie Fields
2073757,Pumper 007 - Horningsea Park
2073758,Pumper 004 - Darlinghurst
2073760,Rescue Pumper 428 - Queanbeyan
2073761,Pumper 255 - Charlestown
2073762,Rescue Pumper 207 Alpha - Albion Park
2073763,Pumper 256 - Cobar
2073764,Pumper 066 - Rhodes
2073765,Pumper 026 - Mascot
2073766,Pumper 011 - Woollahra
2073770,Pumper 488 - Shellharbour
2073771,Pumper 010 - Redfern
2073772,Rescue Pumper 390 - Murrurundi
2073773,CAFS Pumper 067 - Baulkham Hills
2073775,Rescue Pumper 015 - Burwood
2073777,CAFS Pumper 005 - Newtown
2073781,Rescue Pumper 449 - South West Rocks
2073782,Pumper 245 - Budgewoi
2073783,Rescue Pumper 357 - Lambton
2073784,Pumper 468 Alpha - Tweed Heads
2073785,Pumper 049 - Cabramatta
2073786,Rescue Pumper 503 - Wollongong
2073787,CAFS Pumper 399 - Narrabri
2073791,Pumper 280 Alpha - Dubbo
2073792,Pumper 424 Bravo - Port Macquarie
2073793,Rescue Pumper 102 - Regentville
2073794,Pumper 391 - Murwillumbah
2073797,Pumper 321 - Hay
2073800,HP 077 - St Marys
2073801,LP 260 - Newcastle
2073802,Pumper 323 - Hillston
2073804,Pumper 245 - Budgewoi
2073806,CFU
2073808,CAFS Pumper 462 - Mayfield West
2073810,Pumper 341 Bravo - Kariong
2073811,Pumper 206 - North Albury
2073812,Pumper 342 - Kandos
2073813,Pumper 509 - Wyoming
2073817,Pumper 046 - Sutherland
2073819,HP 228 - Berkeley Vale
2073821,Pumper 268 - Corowa
2073822,Pumper 460 - The Entrance
2073823,Pumper 322 - Henty
2073824,Tanker 349 - Kurri Kurri
2073826,CAFS Pumper 311 - Griffith
2073829,HP 085 - Chester Hill
2073830,CAFS Pumper 219 - Bega
2073832,CAFS Pumper 284 - Delroy
2073833,Pumper 265 - Coonamble
2073835,Rescue Pumper 343 Bravo - Katoomba
2073837,Pumper 019 - Silverwater
2073838,Pumper 462 - Mayfield West
2073839,Pumper 255 - Charlestown
2073841,Rescue Pumper 263 - Cooma
2073842,LT 390 - Murrurundi
2073843,Pumper 426 Alpha - Perisher Valley
2073844,CAFS Pumper 302 - Glen Innes
2073845,Pumper 286 - Eden
2073846,DC - North Coast 1
2073847,DC - SH2
2073849,CAFS Pumper 032 - Mount Druitt
2073850,Hazmat 399 - Narrabri
2073851,Pumper 432 - Raymond Terrace
2073852,DC - Paramatta
2073854,Pumper 234 - Bowral
2073855,DC - Newcastle 2
2073856,DC - Northern Rivers
2073859,Rescue Pumper 355 - Lake Cargelligo
2073861,Pumper 312 - Gulgong
2073863,Rescue Pumper 412 Alpha - Orange
2073864,Pumper 387 - Mudgee
2073865,Pumper 216 Bravo - Bathurst
2073867,TS 392 - Muswellbrook
2073869,CAFS Tanker 222 - Belmont
2073871,LSV 097 - Huntingwood
2073873,Pumper 485 - Wangi Wangi
2073874,Pumper 494 - Wentworth
2073875,Rescue Pumper 054 - Cronulla
2073876,Tanker 500 - Tingira Heights
2073877,Hazmat 013 - Alexandria
2073878,MCC Bravo
2073879,STT 85
2073880,Tanker 500 - Tingira Heights
2073881,Tanker 471 - Tea Gardens
2073882,Rescue Tanker 265 - Coonamble
2073883,Hazmat Tanker 234 - Bowral
2073884,LP 027 - Parramatta
2073885,Tanker 492 - Wauchope
2073886,Tanker 245 - Budgewoi
2073888,Rescue 304 - Gosford
2073889,SI North Coast
2073891,H Support 488 - Shellharbour
2073893,Rescue Tanker 406 - Nyngan
2073894,STP64
2073896,LP 018 - Glebe
2073899,CAFS Pumper 239 - Broken Hill South
2073900,Rescue Pumper 503 - Wollongong
2073901,Pumper 457 - Tenterfield
2073903,Pumper 225 - Bingara
2073904,Pumper 448 Bravo - South Tamworth
2073905,Hazmat 085 - Chester Hill
2073907,Pumper 259 - Condoblin
2073908,Tanker 498 - Holmesville
2073909,Tanker 346 - Kiama
2073911,Tanker 498 - Holmesville
2073913,Pumper 260 - Newcastle
2073915,Pumper 003 - The Rocks
2073916,Pumper 315 - Guyra
2073917,Pumper 248 - Camden
2073918,T 444 Siera - Singleton
2073919,Pumper 259 - Condobolin
2073920,C 268 - Corowa
2073921,Tanker 358 - Laurieton
2073922,Pumper 003 - The Rocks
2073923,Pumper 452 - Tamworth
2073924,Rescue Pumper 207 Alpha - Albion Park
2073925,DC - Newcastle 1
2073926,Pumper 361 - Leura
2073927,CAFS Tanker 206 - North Albury
2073929,LP 027 - Parramatta
2073937,GRE SPARE
2073940,CAFS Aerial Pumper 340 - Umina
2073941,Tanker 078 - Ropes Crossing
2073943,CAFS Tanker 448 - South Tamworth
2073945,DC - Lower Hunter 1
2073946,Rescue Pumper 304 - Gosford
2073947,L 024 - Manly
2073949,DC - West 3
2073950,DC - Peel 2
2073951,STT 21
2073952,LT 421 - Picton
2073954,Hazmat Tanker 387 - Mudgee
2073955,Hazmat 468 - Tweeds Heads
2073960,Rescue Pumper 020 - Hurstville
2073962,HH 228 - Berkeley Vale
2073963,Pumper 035 - Botany
2073964,DC - Nothern Rivers 1
2073965,Pumper 386 - Mount Victoria
2073966,Rescue Pumper 015 - Burwood
2073967,Rescue Pumper 381 - Moree
2073968,Rescue Pumper 383 - Morisset
2073969,Pumper 254 Alpha - Cessnock
2073970,Tanker 236
2073972,Rescue Pumper 445 Bravo - Springwood
2073974,HP 013 - Alexandria
2073980,CAFS Aerial Pumper 351 - Bateau Bay
2073983,Pumper 238 - Broken Hill
2073984,Rescue Pumper 444 - Singleton
2073985,DC - West
2073987,Pumper 216 Alpha - Bathurst
2073988,DC SH1
2073989,DC - Central West
2073996,Rescue 102 - Regentville
2073997,DC MU 2
2073998,Rescue 020 - Hurstville
2074001,ZC - Parramatta
2074005,Rescue Pumper 036 - Crows Nest
2074007,CAFS Aerial Pumper 086 - Penrith
2074009,CAFS Tanker 454 - Tarro
2074011,Rescue Pumper 513
2074013,HP 095 - Oran Park
2074014,Tanker 359 - Lawson
2074019,Hazmat 228 - Berkeley Vale
2074021,Tanker 255 - Charlestown
2074023,CAFS Tanker 255 - Charlestown
2074033,ZC SH
2074040,Pumper 233 - Bourke
2074042,LT81
2074043,CAFS Pumper 398
2074045,CAFS Tanker 331
2074052,CAFS Aerial Pumper 097 - Huntingwood
2074054,RV 389 - Harden
2074055,Rescue Pumper 283 - Denman
2074060,DCMU1
2074061,Tanker 226 - Blackheath
2074062,CAFS Aerial Pumper 045 - Miranda
2074063,Hazmat 452 - Tamworth
2074065,Pumper 60 - Avalon
2074070,Tanker 458
2074073,L 004 - Darlinghurst
2074075,Rescue Pumper 214 - Barham
2074080,Pumper 026 - Mascot
2074081,CAFS Tanker 448 - South Tamworth
2074086,CAFS Pumper 004 - Darlinghurst
2074097,Pumper 267 - Coraki
2074098,CAFS Pumper 105 - Kelso
2074099,CAFS Pumper 363 - Lithgow
2074104,Hazmat 217 - Batemans Bay
2074105,Rescue Pumper 237 - Branxton-Greta
2074108,CAFS Pumper 041 - Smithfield
2074110,Pumper 098 - Cranebrook
2074112,ZCRIV
2074114,Rescue Pumper 075 - Berowra
2074116,CAFS Pumper 088 - Campbelltown
2074117,DCC W 1
2074129,CAFS Pumper 316 - Goonellabah
2074137,Pumper 049 - Cabramatta
2074145,CAFS Pumper 014 - Ashfield
2074147,CAFS Pumper 502 - Wingham
2074153,Pumper 073 - Yennora
2074158,Rescue Pumper 063 - Blacktown
2074160,CAFS Aerial Pumper 047 - Revesby
2074161,CAFS Tanker 244 - Brewarrina
2074162,Rescue Pumper 063 - Blacktown
2074171,Flyer 001 - City Of Sydney
2074180,CAFS Aerial Pumper 340 - Umina
2074186,Rescue Pumper 062 - Bankstown
2074196,Rescue Pumper 265
2074199,Pumper 087 - Rosemeadow
2074211,CAFS Pumper 484 - Wallsend
2074212,CAFS Pumper 017 - Drummoyne
2074213,Rescue Pumper 412 Alpha - Orange
2074220,Pumper 100
2074222,Rescue Pumper 357 - Lambton
2074225,CAFS Pumper 034 - Riverwood
2074232,CAFS Pumper 034 - Riverwood
2074237,Rescue Pumper 428 - Queanbeyan
2075000,HP 085 - Chester Hill
2075001,HP 085 - Chester Hill
2075003,Hazmat 077 - St Marys
2075004,Hazmat 077 - St Marys
2075005,HP 051 - Forestville
2075006,HP 228 - Berkeley Vale
2075007,HP 077 - St Marys
2075008,HP 085 - Chester Hill
2075009,HP 085 -  Chester Hill
2075015,HP 013 - Alexandria
2075020,Hazmat 013 - Alexandria
2075021,Hazmat Tanker 209 - Albury Civic
2075023,Pumper 209 - Albury Civic
2075025,Hazmat Tanker 209 - Albury Civic
2075026,HP 085 - Chester Hill
2075031,Pumper 209 - Albury Civic
2075033,CAFS Pumper 087 - Rosemeadow
2075037,HP 051 - Forestville
2075041,Pumper 216 Alpha - Bathurst
2075042,STSEV 216
2075043,Pumper 216 Alpha - Bathurst
2075044,Rescue Pumper 217 - Batemans Bay
2075045,Pumper 216 Bravo - Bathurst
2075047,Rescue Pumper 217 - Batemans Bay
2075050,STSEV 216 - Bathurst
2075051,Pumper 216 Alpha - Bathurst
2075054,STSEV 216
2075055,STSEV 216
2075056,Pumper 216 Alpha - Bathurst
2075057,STSEV 216
2075059,Pumper 216 Bravo - Bathurst
2075062,Hazmat 228 - Berkeley Vale
2075063,Hazmat 217 - Batemans Bay
2075064,HP 228 - Berkeley Vale
2075065,Pumper 217 - Batemans Bay
2075071,HP 228 - Berkeley Vale
2075073,Hazmat 228 - Berkeley Vale
2075074,Rescue Pumper 217 - Batemans Bay
2075075,Rescue Pumper 217 - Batemans Bay
2075076,Rescue Pumper 235 - Bowraville
2075078,Rescue Pumper 217 - Batemans Bay
2075082,HP 228 - Berkeley Vale
2075083,Hazmat Tanker 238 - Broken Hill
2075085,Pumper 234 - Bowral
2075086,Hazmat Tanker 378 - Mittagong
2075091,Pumper 234 - Bowral
2075094,Pumper 234 - Bowral
2075096,Pumper 238 - Broken Hill
2075102,Hazmat 257 - Coffs Harbour
2075104,Pumper 257 Bravo - Coffs Harbour
2075105,Pumper 257 Bravo - Coffs Harbour
2075108,Aerial Pumper 257 - Coffs Harbour
2075114,Hazmat Tanker 306 - Grafton
2075120,Hazmat Tanker 259 - Condobolin
2075121,HS 260 - Newcastle
2075123,Pumper 259 - Condobolin
2075124,Aerial Pumper 257 - Coffs Harbour
2075125,LP 260 - Newcastle
2075127,Hazmat Tanker 259 - Condobolin
2075128,Pumper 260 - Newcastle
2075129,Hazmat 260 - Newcastle
2075130,Pumper 260 - Newcastle
2075134,Hazmat Tanker 259 - Condobolin
2075136,Pumper 259 - Condobolin
2075137,Pumper 259 - Condobolin
2075138,Pumper 260 - Newcastle
2075145,Tanker 488 - Shellharbour
2075146,Hazmat 260 - Newcastle
2075150,Pumper 286 - Eden
2075151,CAFS Pumper 056 - Matraville
2075159,CAFS Pumper 056 - Matraville
2075160,Pumper 286 - Eden
2075161,CAFS Pumper 302 - Glen Innes
2075163,Brigade Tech
2075167,HP 305  - Goulburn
2075170,Pumper 286 - Eden
2075173,CAFS Pumper 302 - Glen Innes
2075176,HP 305 - Goulburn
2075177,HP 305 - Goulburn
2075178,Tanker 305 - Goulburn
2075179,HP 305 - Goulburn
2075180,CAFS Pumper 306 - Grafton
2075181,HP 305 - Goulburn
2075184,HP 305 - Goulburn
2075186,CAFS Pumper 306 - Grafton
2075188,CAFS Pumper 306 - Grafton
2075189,Hazmat Tanker 306 - Grafton
2075190,CAFS Pumper 306 - Grafton
2075193,Tanker 305 - Goulburn
2075195,Hazmat Tanker 306 - Grafton
2075196,Tanker 305 - Goulburn
2075198,HP 305 - Goulburn
2075199,Hazmat 316 - Goonellabah
2075200,Pumper 316 - Goonellabah
2075204,Hazmat 316 - Goonellabah
2075205,Pumper 338 - Jindabyne
2075206,Pumper 360 - Leeton
2075207,CAFS Pumper 338 - Jindabyne
2075208,P 338 FF1 - Jindabyne
2075217,Hazmat Tanker 338 - Jindabyne
2075221,Pumper 357 Bravo - Lambton
2075222,C 360 - Leeton
2075223,Tanker 363 - Lithgow
2075226,CAFS Pumper 363 - Lithgow
2075228,CAFS Pumper 363 - Lithgow
2075229,CAFS Pumper 363 - Lithgow
2075230,Pumper 360 - Leeton
2075237,Hazmat 360 - Leeton
2075239,Hazmat 363 - Lithgow
2075243,Hazmat Tanker 387 - Mudgee
2075245,Hazmat Tanker 387 - Mudgee
2075248,Pumper 399 - Narrabri
2075255,Pumper 387 - Mudgee
2075258,Pumper 387 - Mudgee
2075264,HP 077 - St Marys
2075273,Pumper 424 Charlie - Port Macquarie
2075274,CAFS Pumper 424 - Port Macquarie
2075275,CAFS Pumper 424 - Port Macquarie
2075277,Pumper 424 - Port Macquarie
2075279,Pumper 424 - Port Macquarie
2075281,Pumper 452 - Tamworth
2075286,Pumper 338 - Jindabyne
2075288,HP 013 - Alexandria
2075289,HP 453 - Taree
2075293,Pumper 452 - Tamworth
2075294,Hazmat 452 - Tamworth
2075296,Pumper 452 - Tamworth
2075297,Pumper 452 - Tamworth
2075302,Hazmat Tanker 455 - Rutherford
2075303,CAFS Pumper 455 - Rutherford
2075307,CAFS Pumper 455 - Rutherford
2075310,Hazmat Tanker 453 - Taree
2075313,Aerial Pumper 257 - Coffs Harbour
2075314,Hazmat 468 - Tweed Heads
2075316,CAFS Pumper 455 - Rutherford
2075319,Pumper 488 - Shellharbour
2075321,Hazmat 480 - Wagga Wagga
2075322,Pumper 468 Alpha - Tweeds Heads
2075324,Pumper 468 Bravo - Tweed Heads
2075325,Pumper 480 - Wagga Wagga
2075328,Pumper 468 Alpha - Tweed Heads
2075331,Hazmat 468 - Tweed Heads
2075332,Hazmat 468 - Tweed Heads
2075336,Pumper 468 Alpha - Tweed Heads
2075340,Pumper 488 - Shellharbour
2075341,Tanker 488 - Shellharbour
2075343,Tanker 488 - Shellharbour
2075345,Tanker 488 - Shellharbour
2075347,Tanker 488 - Shellharbour
2075348,HS 488 - Shellharbour
2075349,Pumper 280 Alpha - Dubbo
2075350,Hazmat Tanker 455 - Rutherford
2075362,Pumper 280 Bravo - Dubbo
2075365,P 280 Alpah - Dubbo
2075366,P 280 Alpah - Dubbo
2075368,Pumper 280 Alpha - Dubbo
2075372,Pumper 280 Alpha - Dubbo
2075373,Pumper 035 - Botany
2075375,Hazmat 280 - Dubbo
2075402,CAFS Pumper 455 - Rutherford
2075412,Aerial Pumper 472 - Turvey Park
2075414,HP 095 - Oran Park
2075415,HP 095 - Oran Park
2075417,HP 095 - Oran Park
2075418,Hazmat 095 - Oran Park
2075421,HP 077 - St Marys
2075423,HP 013 - Alexandria
2076010,Rescue Pumper 503 - Wollongong
2076014,T  243S - Byron Bay
2076018,Pumper 411 - Oberon
2076024,Pumper 084 - Macquarie Fields
2076027,Flyer 001 - City Of Sydney
2076029,Pumper 288 - Evans Head
2076033,Pumper 010 - Redfern
2076036,TLCT
2076039,Pumper 411 - Oberon
2076044,Rescue Pumper 057 - Wentworthville
2076045,Pumper 440 - Shoalhaven
2076047,Rescue Pumper 057 - Wentworthville
2076050,LT 237 - Branxton Greta
2076053,Pumper 004 - Darlinghurst
2076055,Pumper 012 - Balmain
2076058,Pumper 004 - Darlinghurst
2076060,Pumper 004 - Darlinghurst
2076062,Rescue Pumper 477 - Ulladulla
2076063,CAFS Pumper 018 - Glebe
2076064,Pumper 018 - Glebe
2076067,LP 018 - Glebe
2076073,Pumper 076 - Bondi
2076077,Rescue Pumper 015 - Burwood
2076079,Pumper 038 - Pyrmont
2076081,CAFS Aerial Pumper 045 - Miranda
2076082,Pumper 010 - Redfern
2076085,Pumper 010 - Redfern
2076086,Flyer 1 - Sydney City
2076087,Flyer 001 - City Of Sydney
2076090,Rescue 001 - City Of Sydney
2076093,LSV 001 - City Of Sydney
2076095,RP 001 City Of Sydney
2076096,Runner 001 - City Of Sydney
2076097,CAFS Pumper 032 - Mount Druitt
2076100,LP 001 - City Of Sydney
2076101,Runner 001 - City of Sydney
2076102,Runner 001 - City Of Sydney
2076103,Flyer 001 - City Of Sydney
2076107,Pumper 003 - The Rocks
2076109,Pumper 003 - The Rocks
2076111,DC - City
2076113,DC City
2076118,Pumper 011 - Woollahra
2076119,Pumper 011 - Woollahra
2076122,Pumper 061 - Lane Cove
2076126,Pumper 058 - Beecroft
2076127,BT 050 - Hornsby
2076128,Pumper 060 - Avalon
2076130,Pumper 010 - Redfern
2076132,Rescue Pumper 036 - Crows Nest
2076135,Rescue 075 - Berowra
2076140,Rescue Pumper 36 - Crows Nest
2076142,Rescue Pumper 075 - Berowra
2076143,Pumper 058 - Beecroft
2076145,Rescue Pumper 036 - Crows Nest
2076146,L 024 - Manly
2076149,CAFS Pumper 069 - Dee Why
2076150,Rescue Pumper 075 - Berowra
2076151,CAFS Aerial Pumper 050 - Hornsby
2076152,Pumper 024 - Manly
2076155,LP 036 - Crows Nest
2076156,Pumper 024 - Manly
2076157,L 024 - Manly
2076162,Pumper 053 - Neutral Bay
2076164,Pumper 024 - Manly
2076165,Rescue Pumper 036 - Crows Nest
2076168,Rescue Pumper 068 - Narrabeen
2076170,BT 050 - Hornsby
2076172,Pumper 052 - Campsie
2076178,Pumper 025 - Mosman
2076179,Rescue Pumper 068 - Narrabeen
2076180,BT 050 - Hornsby
2076182,Pumper 006 - Mona Vale
2076184,Rescue 068 - Narrabeen
2076190,CAFS Pumper 014 - Ashfield
2076191,Rescue Pumper 037 - Gordon
2076192,Rescue Pumper 037 - Gordon
2076195,CAFS Pumper 040 - Willoughby
2076196,CAFS Pumper 040 - Willoughby
2076199,CAFS Pumper 46 - Sutherland
2076200,CAFS Pumper 014 - Ashfield
2076201,GRE SPARE
2076207,Pumper 019 - Silverwater
2076210,Rescue Pumper 062 - Bankstown
2076213,Rescue Pumper 062 - Bankstown
2076216,Rescue Pumper 015 - Burwood
2076218,Rescue Pumper 015 - Burwood
2076219,Pumper 053 - Neutral Bay
2076221,Pumper 052 - Campsie
2076222,Pumper 17 - Drummoyne
2076223,Pumper 052 - Campsie
2076226,Pumper 17 - Drummoyne
2076227,Pumper 055 - Guildford
2076228,Pumper 028 - Marrickville
2076229,Pumper 028 - Marrickville
2076233,Rescue Pumper 101 - Bonnyrigg Heights
2076235,Pumper 292 - Doyalson
2076236,CAFS Pumper 064 - Lakemba
2076237,Pumper 042 - Ryde
2076238,CAFS Pumper 46 - Sutherland
2076239,CAFS Pumper 030 - Lidcombe
2076240,Pumper 019 - Silverwater
2076241,Pumper 030 - Lidcome
2076242,Pumper 028 - Marrickville
2076243,CAFS Pumper 064 - Lakemba
2076246,Pumper 016 - Concord
2076248,CAFS Aerial Pumper 047 - Revesby
2076250,Pumper 005 - Newtown
2076251,CAFS Aerial Pumper 047 - Revesby
2076253,Pumper 016 - Concord
2076254,CAFS Aerial Pumper 047 - Revesby
2076259,Pumper 485 - Wangi Wangi
2076261,CAFS Aerial Pumper 047 - Revesby
2076267,Pumper 485 - Wangi Wangi
2076270,Pumper 485 - Wangi Wangi
2076271,Pumper 485 - Wangi Wangi
2076274,Rescue Pumper 222 - Belmont
2076275,CAFS Pumper 251 - Cardiff
2076276,Rescue Pumper 222 - Belmont
2076279,Pumper 485 - Wangi Wangi
2076280,Pumper 485 - Wangi Wangi
2076282,Tanker 485 - Wangi Wangi
2076283,Pumper 485 - Wangi Wangi
2076285,CAFS Pumper 251 - Cardiff
2076286,Pumper 255 - Charlestown
2076288,Pumper 252 - Carrington
2076292,CAFS Tanker 255 - Charlestown
2076293,Pumper 252 - Charlestown
2076296,CAFS Tanker 255 - Charlestown
2076297,Pumper 255 - Charlestown
2076299,Tanker 251 - Cardiff
2076300,Tanker 251 - Cardiff
2076301,Tanker 251 - Cardiff
2076302,Tanker 251 - Cardiff
2076303,Pumper 252 - Carrington
2076304,Pumper 255 - Charlestown
2076306,Pumper 255 - Charlestown
2076308,LP 027 -  Parramatta
2076309,CAFS Pumper 030 - Lidcombe
2076312,Tanker 498 - Holmesville
2076313,Tanker 498 - Holmesville
2076318,Rescue Pumper 357 - Lambton
2076319,Rescue Pumper 357 - Lambton
2076320,Pumper 498 - Holmesville
2076321,Pumper 498 - Holmesville
2076324,Pumper 498 - Holmesville
2076325,Rescue Pumper 357 - Lambton
2076331,CAFS Aerial Pumper 462 - Mayfield West
2076332,Pumper 357 Charlie - Lambton
2076335,Rescue Pumper 357 - Lambton
2076340,Pumper 357 Bravo - Lambton
2076341,Rescue Pumper 222 - Belmont
2076342,Pumper 357 Bravo - Lambton
2076343,Pumper 357 Bravo - Lambton
2076346,Pumper 377 - Minmi
2076347,Pumper 376 - Merewether
2076353,Rescue Pumper 383 - Morisset
2076356,Rescue Pumper 383 - Morisset
2076357,CAFS Aerial Pumper 462 - Mayfield West
2076359,Pumper 376 - Merewether
2076361,Rescue Pumper 383 - Morisset
2076363,Pumper 377 - Minmi
2076364,CAT 462 - Mayfield West
2076365,Pumper 377 - Minmi
2076366,Tanker 383 - Morisset
2076370,Pumper 446 - Stockton
2076371,Pumper 500 - Tingira Heights
2076374,Pumper 446 - Stockton
2076381,Pumper 447 - Swansea
2076382,Rescue Pumper 383 - Morisset
2076383,Pumper 447 - Swansea
2076386,Pumper 484 - Wallsend
2076388,Pumper 458 - Teralba
2076393,HP 453 - Taree
2076397,CAFS Pumper 454 - Tarro
2076399,Pumper 458 - Teralba
2076400,CAFS Tanker 454 - Tarro
2076401,Pumper 458 - Teralba
2076404,Pumper 447 - Swansea
2076405,Tanker 458 - Teralba
2076408,Pumper 500 - Tingira Heights
2076409,Rescue Pumper 464 - Toronto
2076413,Rescue Pumper 464 - Toronto
2076414,TR 357 - Lambton
2076415,Pumper 254 Alpha - Cessnock
2076416,Rescue Pumper 464 - Toronto
2076418,Tanker 500 - Tingira Heights
2076419,Rescue Pumper 357 - Lambton
2076420,Rescue Pumper 464 - Toronto
2076421,Tanker 500 - Tingira Heights
2076422,Tanker 464 - Toronto
2076423,Rescue Pumper 464 - Toronto
2076426,CAFS Aerial Pumper 351 - Bateau Bay
2076429,Aerial Pumper 351 - Bateau Bay
2076430,CAFS Pumper 484 - Wallsend
2076431,CAFS Pumper 484 - Wallsend
2076433,CAFS Pumper 484 - Wallsend
2076434,CAFS Aerial Pumper 340 - Umina
2076435,CAFS Aerial Pumper 351 - Bateau Bay
2076437,Pumper 340 Alpha - Umina
2076438,Pumper 484 - Wallsend
2076439,CAFS Aerial Pumper 340 - Umina
2076440,Pumper 484 - Wallsend
2076446,Pumper 245 - Budgewoi
2076447,Tanker 340 - Umina
2076449,Pumper 245 - Budgewoi
2076450,Pumper 245 - Budgewoi
2076451,Pumper 340 Alpha - Umina
2076454,Pumper 292 - Doyalson
2076456,Pumper 292 - Doyalson
2076457,Pumper 292 - Doyalson
2076463,Pumper 245 - Budgewoi
2076466,CAFS Pumper 434 - Hamlyn Terrace
2076467,HR 304 - Gosford
2076468,CAFS Pumper 434 - Hamlyn Terrace
2076469,Pumper 341 Bravo - Kariong
2076470,BT 341 - Kariong
2076471,CAFS Pumper 434 - Hamlyn Terrace
2076472,CAFS Pumper 434 - Hamlyn Terrace
2076473,Rescue Pumper 304 - Gosford
2076474,Rescue 304 - Gosford
2076475,Pumper 341 Alpha - Kariong
2076477,Pumper 341 Alpha - Kariong
2076478,Rescue Pumper 304 - Gosford
2076479,Rescue Pumper 304 - Gosford
2076480,Flyer 001 - City Of Sydney
2076482,Pumper 292 - Doyalson
2076483,Pumper 459 - Terrigal
2076485,Rescue Pumper 304 - Gosford
2076486,Pumper 341 Bravo - Kariong
2076487,Pumper 450 - Saratoga
2076489,Pumper 353 - Kincumber
2076490,Pumper 450 - Saratoga
2076491,Pumper 353 - Kincumber
2076493,Pumper 341 Alpha - Kariong
2076494,Pumper 353 - Kincumber
2076500,Tanker 450 - Saratoga
2076501,Pumper 341 Alpha - Kariong
2076502,Pumper 357 Charlie - Lambton
2076508,Pumper 459 - Terrigal
2076509,STT 13
2076513,Pumper 470 - Toukley
2076514,CAFS Tanker 509 - Wyoming
2076515,Rescue Pumper 304 - Gosford
2076517,Pumper 459 - Terrigal
2076518,Pumper 459 - Terrigal
2076522,Pumper 470 - Toukley
2076527,Pumper 505 - Wyong
2076531,Pumper 505 - Wyong
2076533,Pumper 509 - Wyoming
2076536,Pumper 509 - Wyoming
2076537,Pumper 505 - Wyong
2076540,Pumper 509 - Wyoming
2076545,DC - Central Coast
2076546,Tanker 202 - Abermain
2076550,Pumper 220 - Bellbird
2076554,Rescue Pumper 237 - Branxton
2076556,Pumper 202 - Abermain
2076558,Pumper 220 - Bellbird
2076563,DC - Central Coast
2076567,Pumper 254 Bravo - Cessnock
2076568,Rescue Pumper 395 - Merimbula
2076570,Rescue Pumper 237 - Branxton Greta
2076572,LT 237 - Branxton
2076575,Rescue Pumper 237 - Branxton
2076576,Rescue Pumper 237 - Branxton-Greta
2076577,Rescue Pumper 282 - Dungog
2076579,Pumper 254 Bravo - Cessnock
2076580,Pumper 254 Alpha - Cessnock
2076584,Rescue Pumper 237 - Branxton Greta
2076585,Pumper 254 Alpha - Cessnock
2076587,Rescue Pumper 282 - Dungog
2076590,Pumper 349 - Kurri Kurri
2076591,Pumper 349 - Kurri Kurri
2076592,Rescue Pumper 282 - Dungog
2076598,Pumper 344 - Kearsley
2076602,Pumper 349 - Kurri Kurri
2076607,Pumper 373 - East Maitland
2076611,Pumper 418 - Paxton
2076612,Pumper 373 - East Maitland
2076614,Pumper 374 - Maitland
2076615,Pumper 373 - East Maitland
2076623,Pumper 418 - Paxton
2076625,Pumper 374 - Maitland
2076626,DC - Newcastle
2076630,STSEV 432 - Raymond Terrace
2076631,Pumper 432 - Raymond Terrace
2076632,Pumper 432 - Raymond Terrace
2076634,Pumper 418 - Paxton
2076635,Pumper 432 - Raymond Terrace
2076639,Pumper 432 - Raymond Terrace
2076642,STSEV 432 - Raymond Terrace
2076649,Rescue Pumper 402 - Salamander Bay
2076650,Rescue Pumper 402 - Salamander Bay
2076653,Tanker 202 - Abermain
2076654,Tanker 402 - Salamander Bay
2076655,Rescue Pumper 402 - Salamander Bay
2076656,Tanker 402 - Salamander Bay
2076657,Tanker 402 - Salamander Bay
2076659,Rescue Pumper 402 - Salamander Bay
2076660,Tanker 202 - Abermain
2076661,Rescue Pumper 402 - Salamander Bay
2076662,Rescue Pumper 402 - Salamander Bay
2076670,Pumper 210 - Balgownie
2076671,Tanker 207 - Albion Park
2076675,Rescue Pumper 207 Alpha - Albion Park
2076679,Rescue Pumper 503 - Wollongong
2076680,Pumper 210 - Balgownie
2076681,Tanker 207 - Albion Park
2076683,Rescue Pumper 207 Alpha - Albion Park
2076686,Rescue Pumper 241 - Bulli
2076689,CAFS Pumper 269 - Corrimal
2076692,Pumper 258 - Coledale
2076694,Rescue Pumper 241 - Bulli
2076695,CAFS Pumper 269 - Corrimal
2076696,Rescue Pumper 241 - Bulli
2076698,Pumper 210 - Balgownie
2076703,CP269 Corrimal
2076709,CAFS Pumper 277 - Dapto
2076710,Pumper 325 - Helensburgh
2076714,Pumper 325 - Helensburgh
2076716,Pumper 346 - Kiama
2076718,Pumper 346 - Kiama
2076719,Pumper 346 - Kiama
2076724,Pumper 346 - Kiama
2076727,Pumper 442 - Scarborough
2076733,Pumper 461 - Thirroul
2076742,Pumper 474 - Unanderra
2076745,Pumper 474 - Unanderra
2076746,Rescue Pumper 503 - Wollongong
2076747,Rescue Pumper 503 - Wollongong
2076749,DC Illawarra
2076750,Pumper 422 - Warrawong
2076751,TR 503 - Wollongong
2076752,Rescue Pumper 357 - Lambton
2076753,Pumper 422 - Warrawong
2076754,Pumper 422 - Warrawong
2076755,Pumper 474 - Unanderra
2076756,LP 503 - Wollongong
2076758,Rescue Pumper 503 - Wollongong
2076759,Pumper 422 - Warrawong
2076763,Rescue Pumper 503 - Wollongong
2076764,Pumper 474 - Unanderra
2076765,Rescue Pumper 503 - Wollongong
2076769,LT 080 - Bundeena
2076771,FSTL
2076772,Pumper 345 - Kempsey
2076773,LT 080 - Bundeena
2076774,DC Illawarra
2076786,Pumper 021 - Kogarah
2076787,Rescue Pumper 033 - Engadine
2076788,Pumper 055 - Guildford
2076789,Rescue Pumper 020 - Hurstville
2076790,Pumper 411 - Oberon
2076794,Pumper 080 - Bundeena
2076799,Rescue Pumper 033 - Engadine
2076801,Pumper 043 - Seven Hills
2076807,LSV 021 - Kogarah
2076809,CAFS Pumper 026 - Mascot
2076813,Pumper 026 - Mascot
2076816,LP 021 - Kogarah
2076819,LP 021 - Kogarah
2076824,CAFS Pumper 026 - Mascot
2076833,LP 036 - Crows Nest
2076835,CAFS Aerial Pumper 045 - Miranda
2076836,Pumper 090 - Menai
2076837,Pumper 090 - Menai
2076842,CAFS Tanker 090 - Menai
2076845,Rescue Pumper 304 - Gosford
2076848,CAFS Pumper 031 - Busby
2076851,CAFS Pumper 031 - Busby
2076856,Pumper 039 - Randwick
2076857,Pumper 034 - Riverwood
2076862,Rescue Pumper 008 - Liverpool
2076865,Flyer 001 - City Of Sydney
2076868,CAFS Pumper 088 - Campbelltown
2076871,Pumper 007 - Horningsea Park
2076873,CAFS Pumper 088 - Campbelltown
2076874,CAFS Pumper 088 - Campbelltown
2076877,Pumper 007 - Horningsea Park
2076881,Pumper 248 - Camden
2076882,Pumper 411 - Oberon
2076883,Pumper 248 - Camden
2076889,Pumper 205 Alpha - Armidale
2076891,Rescue Pumper 008 - Liverpool
2076896,Rescue 068 - Narrabeen
2076898,TR 008 - Liverpool
2076901,Pumper 076 - Bondi
2076904,Rescue Pumper 421 - Picton
2076908,CAFS Aerial Pumper 092 - St Andrews
2076913,CAFS Aerial Pumper 092 - St Andrews
2076914,Rescue Pumper 093 - Narellan
2076915,CAFS Aerial Pumper 092 - St Andrews
2076920,Rescue Pumper 093 - Narellan
2076930,Pumper 489 - Warragamba
2076932,Pumper 489 - Warragamba
2076933,Pumper 489 - Warragamba
2076942,Pumper 098 - Cranebrook
2076945,Pumper 489 - Warragamba
2076947,Rescue Pumper 071 - Castle Hill
2076948,Pumper 096 - Schofields
2076949,CAFS Aerial Pumper 086 - Penrith
2076952,CAFS Aerial Pumper 097 - Huntingwood
2076955,Rescue Pumper 071 - Castle Hill
2076956,Pumper 098 - Cranebrook
2076960,Pumper 411 - Oberon
2076963,Pumper 098 - Cranebrook
2076969,CAFS Pumper 032 - Mount Druitt
2076980,CAFS Pumper 032 - Mount Druitt
2076981,Pumper 096 - Schofields
2076982,Rescue Pumper 078 - Ropes Crossing
2076984,Rescue Pumper 015 - Burwood
2076985,Rescue 102 - Regentville
2076989,CAFS Pumper 083 - Riverstone
2076990,CAFS Pumper 083 - Riverstone
2076992,Pumper 096 - Schofields
2076993,CAFS Pumper 032 - Mount Druitt
2076996,CAFS Pumper 083 - Richmond
2076997,Pumper 043 - Seven Hills
2076998,CAFS Aerial Pumper 086 - Penrith
2077000,CAFS Pumper 083 - Riverstone
2077001,Rescue Pumper 063 - Blacktown
2077003,Rescue 102 - Regentville
2077006,Rescue Pumper 063 - Blacktown
2077007,Rescue Pumper 063 - Blacktown
2077013,Rescue Pumper 071 - Castle Hill
2077014,Rescue Pumper 101 - Bonnyrigg Heights
2077015,TR 063 - Blacktown
2077016,Rescue Pumper 101 - Bonnyrigg Heights
2077022,Rescue Pumper 101 - Bonnyrigg Heights
2077024,Pumper 67 - Baulkham Hills
2077027,Pumper 023 - Gladesville
2077028,Rescue Pumper 059 - Eastwood
2077030,Rescue 059 - Eastwood
2077032,Pumper 023 - Gladesville
2077034,Pumper 292 - Doyalson
2077035,Rescue Pumper 101 - Bonnyrigg Heights
2077036,LP 027 - Parramatta
2077042,Rescue Pumper 037 - Gordon
2077043,Rescue 059 - Eastwood
2077046,Pumper 072 - Merrylands
2077048,Pumper 072 - Merrylands
2077049,Pumper 353 - Kincumber
2077050,Pumper 65 - Rydalmere
2077053,Pumper 072 - Merrylands
2077054,Pumper 072 - Merrylands
2077055,Tanker 251 - Cardiff
2077059,CAFS Pumper 005 - Newtown
2077065,Pumper 042 - Ryde
2077066,CAFS Pumper 041 - Smithfield
2077069,Pumper 226 - Blackheath
2077070,CAFS Pumper 041 - Smithfield
2077071,CAFS Pumper 041 - Smithfield
2077074,Pumper 049 - Cabramatta
2077075,Pumper 226 - Blackheath
2077079,CAFS Pumper 041 - Smithfield
2077081,Pumper 073 - Yennora
2077083,Pumper 043 - Seven Hills
2077085,Tanker 226 - Blackheath
2077086,Pumper 301 - Glenbrook
2077088,Pumper 301 - Glenbrook
2077095,Pumper 226 - Blackheath
2077098,Rescue Pumper 343 Alpha - Katoomba
2077099,Pumper 301 - Glenbrook
2077100,Pumper 301 - Glenbrook
2077101,Pumper 301 - Glenbrook
2077103,Pumper 301 - Glenbrook
2077104,Pumper 301 - Glenbrook
2077109,Rescue Pumper 343 Alpha - Katoomba
2077113,Rescue Pumper 343 Bravo - Katoomba
2077115,BT 343 - Katoomba
2077116,Rescue Pumper 343 Alpha - Katoomba
2077117,Rescue Pumper 343 Bravo - Katoomba
2077119,Rescue Pumper 343 Alpha - Katoomba
2077121,Rescue Pumper 343 Alpha - Katoomba
2077128,Pumper 361 - Leura
2077133,Pumper 361 - Leura
2077135,Pumper 359 - Lawson
2077136,Pumper 361 - Leura
2077145,Pumper 364 - Lithgow West
2077146,Pumper 386 - Mt Victoria
2077147,Pumper 055 - Guildford
2077148,CAFS Aerial Pumper 050 - Hornsby
2077153,Pumper 386 - Mt. Victoria
2077154,Pumper 364 - Lithgow West
2077157,CAFS Tanker 495 - Wentworth Falls
2077158,Pumper 386 - Mt Victoria
2077160,Pumper 364 - Lithgow West
2077162,Pumper 423 - Portland
2077163,Pumper 386 - Mt Victoria
2077167,Rescue Pumper 445 Bravo - Springwood
2077169,Rescue Pumper 445 Bravo - Springwood
2077171,Pumper 445 - Springwood
2077172,Tanker 445 - Springwood
2077173,Tanker 082 - Richmond
2077174,Rescue Pumper 445 Alpha - Springwood
2077177,Rescue Pumper 445 Alpha - Springwood
2077178,Rescue Pumper 445 Alpha - Springwood
2077180,Pumper 082 - Richmond
2077181,Pumper 082 - Richmond
2077184,Pumper 082 - Richmond
2077194,CAFS Tanker 483 - Wallerawang
2077197,Pumper 495 - Wentworth Falls
2077200,Pumper 483 - Wallerawang
2077204,Pumper 483 - Wallerawang
2077206,Pumper 081 - Windsor
2077211,Pumper 081 - Windsor
2077216,Pumper 081 - Windsor
2077221,Pumper 081 - Windsor
2077233,MCCB 05
2077253,Pumper 357 Bravo - Lambton
2077257,Pumper 426 Bravo - Perisher Valley
2077266,Rescue Pumper 068 - Narrabeen
2077281,Rescue Pumper 381 - Moree
2077283,CAFS Pumper 067 - Baulkham Hills
2077348,Pumper 456 - Temora
2077349,Pumper 456 - Temora
2077350,Pumper 456 - Temora
2077351,Pumper 456 - Temora
2077352,STT 012  - Balmain
2077353,STT 12
2077354,STT 012  - Balmain
2077355,STT 12
2077357,Tanker 456 - Temora
2077358,Tanker 456 - Temora
2077359,Tanker 456 - Temora
2077360,Pumper 456 - Temora
2077361,Pumper 456 - Temora
2077362,Tanker 456 - Temora
2077363,Tanker 456 - Temora
2077364,Rescue Tanker 494 - Wentworth
2077366,Pumper 494 - Wentworth
2077367,Rescue Pumper 499 - West Wyalong
2077371,Pumper 512 - Yenda
2077373,Pumper 494 - Wentworth
2077380,Pumper 494 - Wentworth
2077382,Rescue Pumper 499 - West Wyalong
2077391,Pumper 512 - Yenda
2077418,CAFS Pumper 041 - Smithfield
2077419,Rescue Pumper 222 - Belmont
2077449,FFOT 01
2077450,Rescue Pumper 063 - Blacktown
2077460,CAFS Pumper 484 - Wallsend
2077461,Pumper 084 - Macquarie Fields
2077467,Pumper 027 - Parramatta
2077477,FFOT 15
2077478,Pumper 341 Alpha - Kariong
2077491,Rescue Pumper 062 - Bankstown
2077492,CAFS Pumper 277 - Dapto
2077529,Rescue Pumper 379 - Moama
2077531,Rescue Pumper 381 - Moree
2077536,Pumper 066 - Rhodes
2077571,FFOT
2077575,FFOT 17
2077603,CAFS Pumper 311 - Griffith
2077605,Pumper 038 - Pyrmont
2077609,STT 13
2077612,Pumper 055 - Guildford
2077613,Tanker 311 - Griffith
2077617,Rescue Pumper 207 Alpha - Albion Park
2077624,Pumper 065 - Rydalmere
2077626,STN 207 - Albion Park
2077629,Rescue Pumper 444 - Singleton
2077667,Pumper 205 Alpha - Armidale
2077676,Rescue Pumper 207 Alpha - Albion Park
2077689,CAFS Tanker 448 - South Tamworth
2077714,CAFS Pumper 030 - Lidcombe
2077722,CAFS Pumper 005 - Newtown
2077730,STSEV 105
2077732,CAFS Pumper 454 - Tarro
2077737,CAFS Aerial Pumper 050 - Hornsby
2077739,GRE SPARE
2077743,Tanker 251 - Cardiff
2077761,Pumper 426 Bravo - Perisher Valley
2077765,CAFS Pumper 454 - Tarro
2077767,Pumper 454 - Tarro
2077769,SEA2
2077772,Pumper 426 Alpha - Perisher Valley
2077783,Pumper 202 - Abermain
2077791,Flyer 001 - City Of Sydney
2077796,TR 063 - Blacktown
2077800,Rescue Pumper 395 - Merimbula
2077801,Pumper 27 - Parramatta
2077807,TS 392 - Muswellbrook
2077810,Rescue Pumper 015 - Burwood
2077817,Pumper 081 - Windsor
2077848,TS 388 - Mullumbimby
2077851,CAFS Pumper 014 - Ashfield
2077884,Pumper 488 - Shellharbour
2077917,FFOT 03
2077921,Pumper 385 - Moss Vale
2077958,Pumper 073 - Yennora
2077971,CAFS Pumper 048 - Mortdale
2077983,SEA2
2077985,Pumper 003 - The Rocks
2077994,FFIT 18 - Glebe
2077996,FFIT
2078004,Pumper 061 - Lane Cove
2078018,FFIT 26
2078053,BAHAZ 05
2078054,Rescue Pumper 207 Alpha - Albion Park
2078084,Pumper 221 - Bellingen
2078086,Pumper 279 - Dorrigo
2078087,Pumper 279 - Dorrigo
2078089,Rescue Pumper 235 - Bowraville
2078090,Pumper 279 - Dorrigo
2078091,CAFS Pumper 295 - Forster
2078092,Rescue Tanker 295 - Forster
2078103,Rescue Pumper 235 - Bowraville
2078104,Rescue Pumper 235 - Bowraville
2078105,Rescue Tanker 295 - Forster
2078108,Pumper 345 - Kempsey
2078117,Pumper 345 - Kempsey
2078118,CAFS Pumper 295 - Forster
2078119,Pumper 303 - Gloucester
2078127,Rescue Pumper 358 - Laurieton
2078134,Rescue Pumper 358 - Laurieton
2078135,Rescue Tanker 345 - Kempsey
2078140,Pumper 345 Bravo - Kempsey
2078144,Tanker 358 - Laurieton
2078149,Pumper 371 - Macksville
2078152,Pumper 397 - Nambucca Heads
2078156,Pumper 371 - Macksville
2078162,Pumper 371 - Macksvile
2078164,Pumper 397 - Nambucca Heads
2078166,Rescue Pumper 449 - South West Rocks
2078169,Rescue Pumper 449 - South West Rocks
2078170,Rescue Pumper 449 - South West Rocks
2078171,Rescue Pumper 449 - South West Rocks
2078173,Rescue Pumper 449 - South West Rocks
2078186,Rescue Pumper 471 - Tea Gardens
2078188,Pumper 441 - Sawtell
2078190,Rescue Pumper 471 - Tea Gardens
2078194,Rescue Pumper 471 - Tea Gardens
2078197,Pumper 441 - Sawtell
2078203,Tanker 441 - Sawtell
2078207,Rescue Pumper 492 - Wauchope
2078209,Runner 001 - City Of Sydney
2078218,Tanker 492 - Wauchope
2078219,Pumper 502 - Wingham
2078226,Rescue Pumper 507 - Woolgoolga
2078252,Pumper 448 Bravo - South Tamworth
2078255,Pumper 448 Bravo - South Tamworth
2078258,CAFS Pumper 211 - Ballina
2078259,CAFS Pumper 211 - Ballina
2078260,Pumper 204 - Alstonville
2078263,Pumper 204 - Alstonville
2078280,Rescue Pumper 057 - Wentworthville
2078288,Pumper 213 - Bangalow
2078296,CAFS Tanker 240 - Brunswick Heads
2078305,Pumper 373 - East Maitland
2078311,Tanker 253 - Casino
2078323,Pumper 267 - Coraki
2078330,Pumper 347 - Kingscliff
2078331,Pumper 347 - Kingscliff
2078333,Pumper 347 - Kingscliff
2078334,Pumper 347 - Kingscliff
2078343,Pumper 362 Alpha - Lismore
2078346,Pumper 362 Alpha - Lismore
2078347,Pumper 388 - Mullumbimby
2078349,Pumper 372 - Maclean
2078351,Pumper 372 - Maclean
2078364,Pumper 391 - Murwillumbah
2078366,Pumper 391 - Murwillumbah
2078370,Pumper 307 - South Grafton
2078376,Pumper 514 - Banora Point
2078378,Pumper 307 - South Grafton
2078380,Pumper 514 - Banora Point
2078384,Pumper 391 - Murwillumbah
2078386,Pumper 205 Alpha - Armidale
2078393,Pumper 205 Bravo - Armidale
2078402,Pumper 205 Bravo - Armidale
2078406,Pumper 264 - Coonabarabran
2078408,Pumper 229 - Boggabri
2078413,Pumper 229 - Boggabri
2078414,Tanker 264 - Coonabarabran
2078418,Pumper 205 Alpha - Armidale
2078424,Pumper 225 - Bingara
2078429,Pumper 314 - Gunnedah
2078430,STT 53
2078433,Pumper 314 - Gunnedah
2078442,Pumper 314 - Gunnedah
2078444,Pumper 315 - Guyra
2078448,CAFS Tanker 331 - Inverell
2078453,CAFS Tanker 331 - Inverell
2078460,Rescue Pumper 381 - Moree
2078463,Pumper 375 - Manilla
2078469,Pumper 429 - Quirindi
2078482,RC 381 - Moree
2078489,Pumper 457 - Tenterfield
2078490,Rescue Tanker 475 - Uralla
2078492,Pumper 457 - Tenterfield
2078496,Rescue Tanker 475 - Uralla
2078497,Rescue Tanker 475 - Uralla
2078504,Pumper 475 - Uralla
2078506,Pumper 481 - Walcha
2078509,Pumper 487 - Warialda
2078510,Pumper 481 - Walcha
2078522,Pumper 475 - Uralla
2078530,Pumper 448 Alpha - South Tamworth
2078533,Pumper 506 - Wee Waa
2078534,Pumper 448 Alpha - South Tamworth
2078535,Pumper 496 - Werris Creek
2078539,LP 027 - Parramatta
2078544,Pumper 496 - Werris Creek
2078545,Rescue Pumper 078 - Ropes Crossing
2078547,Tanker 448 - South Tamworth
2078565,DC SH2
2078569,Senior Instructor Southern Highlands
2078571,CAFS Pumper 219 - Bega
2078575,SEV 219
2078577,SEV 219
2078579,Pumper 224 - Berry
2078580,Pumper 224 - Berry
2078582,Pumper 224 - Berry
2078583,Pumper 224 - Berry
2078584,Pumper 224 - Berry
2078586,Rescue Pumper 230 - Bombala
2078587,Rescue Pumper 230 - Bombala
2078588,Rescue Pumper 230 - Bombala
2078597,Pumper 236 - Braidwood
2078601,Rescue Pumper 236 - Braidwood
2078607,Tanker 263 - Cooma
2078611,Rescue Pumper 263 - Cooma
2078614,Rescue Pumper 263 - Cooma
2078615,Rescue Pumper 263 - Cooma
2078619,Rescue Pumper 395 - Merimbula
2078621,Rescue Pumper 395 - Merimbula
2078625,Tanker 395 - Merimbula
2078626,Rescue Pumper 395 - Merimbula
2078630,Rescue Pumper 395 - Merimbula
2078631,Rescue Pumper 384 - Moruya
2078632,Rescue Pumper 384 - Moruya
2078635,STT38
2078636,STT38
2078637,Rescue Pumper 384 - Moruya
2078652,CAFS Tanker 405 - Nowra
2078657,Pumper 405 - Nowra
2078664,Pumper 426 Alpha - Perisher Valley
2078666,Pumper 426 Alpha - Perisher Valley
2078668,Pumper 426 Bravo - Perisher Valley
2078669,Pumper 426 Bravo - Perisher Valley
2078670,Pumper 426 Bravo - Perisher Valley
2078671,Pumper 426 Bravo - Perisher Valley
2078673,Rescue Pumper 428 - Queanbeyan
2078674,Rescue Pumper 428 - Queanbeyan
2078675,Rescue Pumper 428 - Queanbeyan
2078676,Pumper 428 - Queanbeyan
2078677,Pumper 428 - Queanbeyan
2078678,Pumper 428 - Queanbeyan
2078680,Tanker 384 - Moruya
2078685,Pumper 428 - Queanbeyan
2078686,Pumper 428 - Queanbeyan
2078687,Pumper 428 - Queanbeyan
2078689,Pumper 292 - Doyalson
2078694,Pumper 440 - Shoalhaven
2078699,RC 451 - Thredbo
2078702,RC 451 - Thredbo
2078704,STT 19
2078705,STT 19
2078714,Rescue Pumper 477 - Ulladulla
2078716,Rescue Pumper 477 - Ulladulla
2078720,Rescue Pumper 477 - Ulladulla
2078721,Pumper 218 - Batlow
2078724,Pumper 218 - Batlow
2078738,Pumper 242 - Bundanoon
2078739,Pumper 242 - Bundanoon
2078740,Pumper 242 - Bundanoon
2078741,Pumper 242 - Bundanoon
2078742,Pumper 242 - Bundanoon
2078743,Pumper 242 - Bundanoon
2078746,C 266 - Cootamundra
2078749,Rescue Pumper 266 - Cootamundra
2078752,Rescue Pumper 266 - Cootamundra
2078754,Pumper 270 - Cowra
2078758,CAFS Tanker 270 - Cowra
2078760,Aerial Pumper 203 - Albury Central
2078764,Pumper 270 - Cowra
2078766,Rescue Pumper 271 - Crookwell
2078768,Rescue Pumper 271 - Crookwell
2078781,STP 16
2078782,STP 16
2078796,Pumper 308 - Grenfell
2078802,Pumper 313 - Gundagai
2078803,Pumper 313 - Gundagai
2078810,Pumper 313 - Gundagai
2078814,Rescue Pumper 389 - Harden
2078821,RV 389 - Harden
2078826,CAFS Pumper 378 - Mittagong
2078827,CAFS Pumper 378 - Mittagong
2078828,Pumper 385 - Moss Vale
2078829,Pumper 385 - Moss Vale
2078830,Pumper 070 - Maroubra
2078831,Pumper 385 - Moss Vale
2078832,STT 42
2078835,STT42
2078841,Pumper 467 - Tumut
2078842,Pumper 467 - Tumut
2078843,Rescue Pumper 511 - Yass
2078849,CAFS Tanker 511 - Yass
2078850,Rescue Pumper 511 - Yass
2078855,Rescue Pumper 513 - Young
2078856,Rescue Pumper 513 - Young
2078858,Rescue Pumper 513 - Young
2078862,Rescue Pumper 513 - Young
2078868,Aerial Pumper 203 - Albury Central
2078869,Aerial Pumper 203 - Albury Central
2078881,Rescue Tanker 214 - Barham
2078885,Pumper 223 - Berrigan
2078901,Pumper 272 - Culcairn
2078904,Pumper 272 - Culcairn
2078905,RV 272 - Culcairn
2078906,RV 272 - Culcairn
2078907,Pumper 272 - Culcairn
2078908,Pumper 272 - Culcairn
2078909,Pumper 293 - Broken Hill Sth
2078914,Pumper 293 - Finley
2078915,Pumper 322 - Henty
2078916,Pumper 322 - Henty
2078917,Pumper 322 - Henty
2078929,Rescue Pumper 336 - Jerilderie
2078944,CAFS Tanker 206 - North Albury
2078948,Pumper 206 - North Albury
2078951,Pumper 206 - North Albury
2078955,Rescue Pumper 365 - Lockhart
2078967,Pumper 394 - Mulwala
2078973,Rescue Tanker 394 - Mulwala
2078978,Pumper 463 - Tocumwal
2078992,Rescue Tanker 466 - Tumbarumba
2079003,CAFS Tanker 472 - Turvey Park
2079021,ZC MU
2079034,Pumper 233 - Bourke
2079038,Pumper 233 - Orange
2079044,Pumper 244 - Brewarrina
2079051,Pumper 256 - Cobar
2079052,Tanker 256 - Cobar
2079054,Pumper 256 - Cobar
2079060,Pumper 261 - Coolah
2079085,Pumper 265 - Coonamble
2079098,Pumper 244 - Brewarrina
2079107,Rescue Pumper 057 - Wentworthville
2079119,Rescue Pumper 001 - City Of Sydney
2079125,Pumper 300 - Gilgandra
2079139,Pumper 367 - Lightning Ridge
2079141,Tanker 367 - Lightning Ridge
2079142,Tanker 300 - Gilgandra
2079145,Pumper 401 - Narromine
2079147,Pumper 417 - Parkes
2079153,Rescue Pumper 406 - Nyngan
2079157,Pumper 406 - Nyngan
2079163,Pumper 401 - Narromine
2079166,Tanker 419 - Peak Hill
2079167,Pumper 465 - Trangie
2079172,Tanker 419 - Peak Hill
2079177,Pumper 417 - Parkes
2079180,Pumper 417 - Parkes
2079181,Rescue Tanker 465 - Trangie
2079182,Tanker 419 - Peak Hill
2079185,Pumper 482 - Walgett
2079190,Pumper 482 - Walgett
2079192,Rescue Pumper 491 - Warren
2079193,Rescue Pumper 491 - Warren
2079197,Pumper 493 - Wellington
2079199,Rescue Pumper 491 - Warren
2079203,STT 36
2079212,Pumper 208 - Aberdeen
2079218,STT 21
2079219,Pumper 208 - Aberdeen
2079226,Rescue Pumper 283 - Denman
2079227,Pumper 227 - Blayney
2079229,Pumper 227 - Blayney
2079230,Rescue Pumper 283 - Denman
2079233,Pumper 227 - Blayney
2079234,Rescue Pumper 250 - Canowindra
2079239,Rescue Pumper 250 - Canowindra
2079240,Pumper 227 - Blayney
2079242,Pumper 227 - Blayney
2079246,CAFS Pumper 105 - Kelso
2079248,Pumper 342 - Kandos
2079250,Pumper 312 - Gulgong
2079253,RV 312 - Gulgong
2079257,Pumper 342 - Kandos
2079261,Pumper 312 - Gulgong
2079263,Pumper 105 - Kelso
2079264,CAFS Pumper 105 - Kelso
2079265,CAFS Pumper 105 - Kelso
2079268,Rescue Pumper 380 - Molong
2079269,Rescue Pumper 380 - Molong
2079273,STSEV 105
2079276,STSEV 105
2079277,Pumper 105 - Kelso
2079278,Pumper 393 - Merriwa
2079279,STSEV 105
2079283,Pumper 105 - Kelso
2079285,LT 390 - Murrurundi
2079288,Rescue Pumper 392 - Muswellbrook
2079289,Pumper 073 - Yennora
2079291,Rescue Pumper 390 - Murrurundi
2079293,Pumper 411 - Oberon
2079294,Rescue Pumper 392 - Muswellbrook
2079295,Rescue Pumper 412 Alpha - Orange
2079298,STP 053 - Neutral Bay
2079300,Rescue Pumper 392 - Muswellbrook
2079303,Runner 001 - City Of Sydney
2079304,Rescue Pumper 075 - Berowra
2079307,Rescue Pumper 412 Alpha - Orange
2079309,Rescue Pumper 412 Bravo - Orange
2079310,Rescue Pumper 412 Bravo - Orange
2079311,Tanker 412 - Orange
2079317,Rescue Pumper 412 Bravo - Orange
2079318,Rescue Pumper 412 Alpha - Orange
2079319,Tanker 412 - Orange
2079320,Rescue Pumper 443 - Scone
2079323,Rescue Pumper 412 Bravo - Orange
2079325,Rescue Pumper 444 - Singleton
2079326,STT35
2079327,Rescue Pumper 444 - Singleton
2079331,Pumper 212 - Balranald
2079332,Rescue Pumper 444 - Singleton
2079334,Rescue Pumper 444 - Singleton
2079344,Rescue Pumper 444 - Singleton
2079345,STT35
2079346,Rescue Pumper 262 - Coolamon
2079348,Rescue Pumper 262 - Coolamon
2079352,ST SEV 311
2079358,Rescue Pumper 262 - Coolamon
2079360,Rescue Pumper 262 - Coolamon
2079365,CAFS Pumper 311 - Griffith
2079369,Pumper 321 - Hay
2079379,Tanker 311 - Griffith
2079380,Pumper 323 - Hillston
2079382,Pumper 321 - Hay
2079389,Pumper 337 - Junee
2079391,Pumper 337 - Junee
2079393,Rescue Pumper 355 - Lake Cargelligo
2079396,DC - Riverina 1
2079403,Pumper 337 - Junee
2079408,Tanker 400 - Narrandera
2079411,Pumper 400 - Narrandera
2119992,Control
